dt,AverageTemperature,AverageTemperatureUncertainty,Country
1796-01-01,17.044,2.044,India
1796-02-01,19.193,1.359,India
1796-03-01,22.319000000000003,2.125,India
1796-04-01,27.233,1.51,India
1796-05-01,30.035,1.338,India
1796-06-01,29.261,2.9530000000000003,India
1796-07-01,26.8,2.19,India
1796-08-01,26.558000000000003,2.866,India
1796-09-01,25.958,3.275,India
1796-10-01,24.031,1.352,India
1796-11-01,20.186,2.787,India
1796-12-01,15.485,3.734,India
1797-01-01,,,India
1797-02-01,,,India
1797-03-01,22.879,1.73,India
1797-04-01,26.502,2.614,India
1797-05-01,29.364,2.11,India
1797-06-01,29.88,1.936,India
1797-07-01,26.891,2.181,India
1797-08-01,26.716,2.072,India
1797-09-01,26.072,2.842,India
1797-10-01,23.67,1.945,India
1797-11-01,19.323,1.578,India
1797-12-01,17.102,2.448,India
1798-01-01,17.226000000000006,1.759,India
1798-02-01,19.525,1.675,India
1798-03-01,24.328000000000003,1.494,India
1798-04-01,,,India
1798-05-01,,,India
1798-06-01,29.369,1.93,India
1798-07-01,27.968000000000004,2.165,India
1798-08-01,27.009,3.968,India
1798-09-01,25.973000000000003,2.499,India
1798-10-01,23.898000000000003,2.061,India
1798-11-01,20.709,2.29,India
1798-12-01,16.727999999999998,1.864,India
1799-01-01,16.648,1.911,India
1799-02-01,17.976,2.2030000000000003,India
1799-03-01,23.08,2.245,India
1799-04-01,27.996,2.938,India
1799-05-01,30.217,1.382,India
1799-06-01,29.86,2.316,India
1799-07-01,27.178,1.89,India
1799-08-01,26.674,1.217,India
1799-09-01,26.105,2.258,India
1799-10-01,24.597,1.747,India
1799-11-01,20.158,1.49,India
1799-12-01,16.904,1.4,India
1800-01-01,17.081,1.654,India
1800-02-01,19.78,3.301,India
1800-03-01,22.938,2.662,India
1800-04-01,28.458,1.5019999999999998,India
1800-05-01,29.372,1.3219999999999998,India
1800-06-01,29.261,1.317,India
1800-07-01,26.494,1.71,India
1800-08-01,26.06900000000001,2.065,India
1800-09-01,24.999,2.037,India
1800-10-01,24.318,2.107,India
1800-11-01,20.625,2.349,India
1800-12-01,17.548000000000002,1.508,India
1801-01-01,17.433,1.443,India
1801-02-01,18.868,1.143,India
1801-03-01,25.084,1.661,India
1801-04-01,,,India
1801-05-01,,,India
1801-06-01,28.652,1.765,India
1801-07-01,27.272,2.513,India
1801-08-01,26.075000000000006,1.727,India
1801-09-01,25.598000000000003,1.339,India
1801-10-01,24.001,1.444,India
1801-11-01,20.492,1.4169999999999998,India
1801-12-01,18.276,3.032,India
1802-01-01,17.904,1.791,India
1802-02-01,19.734,1.528,India
1802-03-01,24.829,1.746,India
1802-04-01,27.816,1.788,India
1802-05-01,29.209,1.828,India
1802-06-01,30.397,1.5,India
1802-07-01,27.826,1.517,India
1802-08-01,26.581,1.435,India
1802-09-01,26.699,1.764,India
1802-10-01,24.564,2.885,India
1802-11-01,20.258,1.664,India
1802-12-01,16.795,1.692,India
1803-01-01,15.603000000000002,1.764,India
1803-02-01,18.271,2.605,India
1803-03-01,23.323,1.891,India
1803-04-01,28.265,1.49,India
1803-05-01,30.257,1.55,India
1803-06-01,29.643,1.28,India
1803-07-01,27.876,1.357,India
1803-08-01,27.790000000000006,1.7180000000000002,India
1803-09-01,26.732,1.584,India
1803-10-01,24.31900000000001,2.32,India
1803-11-01,20.749,1.978,India
1803-12-01,16.921,2.338,India
1804-01-01,17.442999999999998,3.427,India
1804-02-01,19.11,1.675,India
1804-03-01,23.215,3.059,India
1804-04-01,29.131,1.5219999999999998,India
1804-05-01,30.692,1.631,India
1804-06-01,29.952,1.3330000000000002,India
1804-07-01,28.69400000000001,2.112,India
1804-08-01,26.788,1.61,India
1804-09-01,26.513,2.946,India
1804-10-01,24.164,1.665,India
1804-11-01,21.624,3.057,India
1804-12-01,16.583000000000002,3.2060000000000004,India
1805-01-01,17.173000000000002,1.473,India
1805-02-01,19.036,2.067,India
1805-03-01,23.942,1.208,India
1805-04-01,27.034,1.7919999999999998,India
1805-05-01,30.077,1.203,India
1805-06-01,29.959,2.191,India
1805-07-01,27.06900000000001,1.561,India
1805-08-01,27.213,1.155,India
1805-09-01,25.936,1.955,India
1805-10-01,22.831,1.885,India
1805-11-01,19.951,2.549,India
1805-12-01,18.085,1.227,India
1806-01-01,17.092000000000002,1.634,India
1806-02-01,19.019,2.233,India
1806-03-01,23.013,1.658,India
1806-04-01,27.359,2.577,India
1806-05-01,29.971,1.668,India
1806-06-01,28.054,1.609,India
1806-07-01,26.995,1.4280000000000002,India
1806-08-01,26.888,1.634,India
1806-09-01,26.855,1.874,India
1806-10-01,23.754,1.25,India
1806-11-01,20.452,1.633,India
1806-12-01,17.662000000000006,1.89,India
1807-01-01,15.975,2.125,India
1807-02-01,18.799,2.83,India
1807-03-01,,,India
1807-04-01,,,India
1807-05-01,27.873,1.598,India
1807-06-01,29.541,1.336,India
1807-07-01,27.631,1.999,India
1807-08-01,26.447000000000006,1.805,India
1807-09-01,26.465,1.514,India
1807-10-01,23.586,1.163,India
1807-11-01,20.375,1.97,India
1807-12-01,18.304,1.492,India
1808-01-01,,,India
1808-02-01,,,India
1808-03-01,,,India
1808-04-01,,,India
1808-05-01,,,India
1808-06-01,,,India
1808-07-01,,,India
1808-08-01,,,India
1808-09-01,,,India
1808-10-01,,,India
1808-11-01,,,India
1808-12-01,,,India
1809-01-01,,,India
1809-02-01,,,India
1809-03-01,,,India
1809-04-01,,,India
1809-05-01,,,India
1809-06-01,,,India
1809-07-01,,,India
1809-08-01,,,India
1809-09-01,,,India
1809-10-01,,,India
1809-11-01,,,India
1809-12-01,,,India
1810-01-01,,,India
1810-02-01,,,India
1810-03-01,,,India
1810-04-01,,,India
1810-05-01,,,India
1810-06-01,,,India
1810-07-01,,,India
1810-08-01,,,India
1810-09-01,,,India
1810-10-01,,,India
1810-11-01,,,India
1810-12-01,,,India
1811-01-01,,,India
1811-02-01,,,India
1811-03-01,,,India
1811-04-01,,,India
1811-05-01,,,India
1811-06-01,,,India
1811-07-01,,,India
1811-08-01,,,India
1811-09-01,,,India
1811-10-01,,,India
1811-11-01,,,India
1811-12-01,,,India
1812-01-01,,,India
1812-02-01,,,India
1812-03-01,,,India
1812-04-01,,,India
1812-05-01,,,India
1812-06-01,,,India
1812-07-01,,,India
1812-08-01,,,India
1812-09-01,,,India
1812-10-01,,,India
1812-11-01,,,India
1812-12-01,,,India
1813-01-01,14.479,2.782,India
1813-02-01,18.549,1.304,India
1813-03-01,21.409,5.277,India
1813-04-01,27.898000000000003,1.256,India
1813-05-01,30.54,4.591,India
1813-06-01,28.332,2.197,India
1813-07-01,26.881,1.656,India
1813-08-01,25.304,1.193,India
1813-09-01,25.773000000000003,1.683,India
1813-10-01,23.198,1.232,India
1813-11-01,21.076,1.365,India
1813-12-01,15.816,1.602,India
1814-01-01,15.45,2.818,India
1814-02-01,18.596,1.16,India
1814-03-01,22.213,1.736,India
1814-04-01,26.526,1.315,India
1814-05-01,,,India
1814-06-01,28.93,1.638,India
1814-07-01,25.53,2.672,India
1814-08-01,25.325000000000006,1.4780000000000002,India
1814-09-01,24.583,1.304,India
1814-10-01,22.5,3.1,India
1814-11-01,21.007,4.345,India
1814-12-01,18.571,4.7810000000000015,India
1815-01-01,15.915,2.2,India
1815-02-01,19.157,4.467,India
1815-03-01,22.208,2.9730000000000003,India
1815-04-01,27.332,2.754,India
1815-05-01,29.24,3.093,India
1815-06-01,26.523000000000003,1.578,India
1815-07-01,26.31600000000001,2.536,India
1815-08-01,25.577,1.608,India
1815-09-01,25.154,1.3090000000000002,India
1815-10-01,22.034,2.609,India
1815-11-01,18.865,1.966,India
1815-12-01,15.372,1.904,India
1816-01-01,16.375999999999998,4.049,India
1816-02-01,16.250999999999998,1.912,India
1816-03-01,22.414,1.484,India
1816-04-01,26.301,3.495,India
1816-05-01,29.514,2.011,India
1816-06-01,28.163,2.218,India
1816-07-01,25.06,1.475,India
1816-08-01,24.84800000000001,1.015,India
1816-09-01,23.977,0.993,India
1816-10-01,21.404,5.186,India
1816-11-01,18.967,6.089,India
1816-12-01,15.813,1.524,India
1817-01-01,15.916,4.174,India
1817-02-01,18.828,2.39,India
1817-03-01,22.551,1.555,India
1817-04-01,27.052,1.745,India
1817-05-01,28.28,1.945,India
1817-06-01,27.135,1.569,India
1817-07-01,25.614,1.664,India
1817-08-01,25.669,1.561,India
1817-09-01,23.313,2.474,India
1817-10-01,21.903,2.403,India
1817-11-01,19.313,2.148,India
1817-12-01,15.572,2.697,India
1818-01-01,16.076,3.074,India
1818-02-01,18.023,1.706,India
1818-03-01,23.085,1.558,India
1818-04-01,27.783,4.937,India
1818-05-01,29.952,2.935,India
1818-06-01,28.889,3.725,India
1818-07-01,25.302,2.884,India
1818-08-01,24.729000000000006,1.6269999999999998,India
1818-09-01,24.058000000000003,1.452,India
1818-10-01,22.026,1.972,India
1818-11-01,19.335,4.398,India
1818-12-01,16.178,1.43,India
1819-01-01,14.385000000000002,2.081,India
1819-02-01,17.616,2.845,India
1819-03-01,22.021,5.902,India
1819-04-01,26.019,1.348,India
1819-05-01,28.662,1.219,India
1819-06-01,28.244,1.482,India
1819-07-01,25.901,1.101,India
1819-08-01,25.169,1.3969999999999998,India
1819-09-01,24.613000000000003,0.979,India
1819-10-01,23.262,1.609,India
1819-11-01,19.983,1.474,India
1819-12-01,15.968000000000002,1.24,India
1820-01-01,14.902,4.208,India
1820-02-01,17.539,1.719,India
1820-03-01,22.622,1.686,India
1820-04-01,27.626,1.238,India
1820-05-01,29.083,1.364,India
1820-06-01,28.243,1.132,India
1820-07-01,25.972,2.486,India
1820-08-01,24.849,2.171,India
1820-09-01,24.896,1.711,India
1820-10-01,22.787,1.225,India
1820-11-01,19.562,1.243,India
1820-12-01,16.008000000000006,1.888,India
1821-01-01,17.268,2.727,India
1821-02-01,19.933,3.531,India
1821-03-01,23.809,1.599,India
1821-04-01,26.623,1.283,India
1821-05-01,29.613000000000003,1.5759999999999998,India
1821-06-01,28.564,2.45,India
1821-07-01,26.174000000000003,1.744,India
1821-08-01,25.669,1.526,India
1821-09-01,24.188,1.295,India
1821-10-01,23.045,0.998,India
1821-11-01,20.411,2.299,India
1821-12-01,17.034000000000002,1.368,India
1822-01-01,17.522000000000002,2.84,India
1822-02-01,20.712,2.133,India
1822-03-01,25.528,1.5619999999999998,India
1822-04-01,27.135,1.175,India
1822-05-01,29.57,1.272,India
1822-06-01,28.46,1.3259999999999998,India
1822-07-01,26.667,1.089,India
1822-08-01,25.142000000000003,2.181,India
1822-09-01,24.52,1.653,India
1822-10-01,22.519,1.068,India
1822-11-01,19.336,1.57,India
1822-12-01,16.058,2.129,India
1823-01-01,16.882,1.567,India
1823-02-01,19.361,2.494,India
1823-03-01,23.47,1.495,India
1823-04-01,27.77,2.356,India
1823-05-01,29.427,1.344,India
1823-06-01,29.279,1.998,India
1823-07-01,26.703000000000007,1.2819999999999998,India
1823-08-01,25.16200000000001,1.381,India
1823-09-01,23.894,1.247,India
1823-10-01,23.159,1.5530000000000002,India
1823-11-01,19.397,2.925,India
1823-12-01,17.149,1.735,India
1824-01-01,17.323,1.277,India
1824-02-01,19.326,2.336,India
1824-03-01,23.737,1.4580000000000002,India
1824-04-01,27.524,1.986,India
1824-05-01,29.551,1.485,India
1824-06-01,29.33,2.513,India
1824-07-01,28.039,2.991,India
1824-08-01,25.948,1.63,India
1824-09-01,25.79,1.601,India
1824-10-01,22.748,1.503,India
1824-11-01,20.546,1.571,India
1824-12-01,18.735,2.509,India
1825-01-01,17.412000000000006,2.315,India
1825-02-01,19.554,1.504,India
1825-03-01,23.61,1.934,India
1825-04-01,27.947,2.152,India
1825-05-01,29.516,1.295,India
1825-06-01,29.196,1.137,India
1825-07-01,26.856,2.081,India
1825-08-01,25.331,1.948,India
1825-09-01,24.905,1.579,India
1825-10-01,23.159,1.633,India
1825-11-01,21.021,1.626,India
1825-12-01,17.046,1.267,India
1826-01-01,17.047,1.304,India
1826-02-01,18.351,1.895,India
1826-03-01,23.743,1.47,India
1826-04-01,27.814,2.342,India
1826-05-01,30.463,1.398,India
1826-06-01,28.352,2.172,India
1826-07-01,27.152,1.275,India
1826-08-01,25.16200000000001,1.3159999999999998,India
1826-09-01,24.969,1.881,India
1826-10-01,23.612,2.043,India
1826-11-01,21.067,1.149,India
1826-12-01,18.576,2.242,India
1827-01-01,17.875999999999998,2.532,India
1827-02-01,19.791,1.399,India
1827-03-01,24.153,1.916,India
1827-04-01,28.18,2.802,India
1827-05-01,29.563,2.334,India
1827-06-01,28.975,1.961,India
1827-07-01,27.285,1.356,India
1827-08-01,25.736,1.355,India
1827-09-01,24.674,1.172,India
1827-10-01,23.26,1.217,India
1827-11-01,21.007,1.185,India
1827-12-01,16.977,3.036,India
1828-01-01,16.118000000000002,2.725,India
1828-02-01,18.766,2.119,India
1828-03-01,23.678,1.991,India
1828-04-01,27.24,1.932,India
1828-05-01,29.547,2.206,India
1828-06-01,29.688,2.029,India
1828-07-01,27.167,1.411,India
1828-08-01,25.722,1.653,India
1828-09-01,23.899,1.162,India
1828-10-01,23.406,1.445,India
1828-11-01,20.851,1.465,India
1828-12-01,17.402,2.151,India
1829-01-01,16.815,1.529,India
1829-02-01,18.199,2.4530000000000003,India
1829-03-01,23.331,1.4240000000000002,India
1829-04-01,27.007,1.3090000000000002,India
1829-05-01,29.775,2.861,India
1829-06-01,28.769,1.994,India
1829-07-01,26.73,1.509,India
1829-08-01,25.577,1.45,India
1829-09-01,24.601,1.499,India
1829-10-01,23.758000000000003,1.759,India
1829-11-01,19.862,2.411,India
1829-12-01,16.898,3.599,India
1830-01-01,17.047,2.38,India
1830-02-01,19.756,1.6840000000000002,India
1830-03-01,23.056,1.384,India
1830-04-01,27.494,1.49,India
1830-05-01,27.903,1.915,India
1830-06-01,28.626,2.28,India
1830-07-01,27.355,1.724,India
1830-08-01,25.439,1.741,India
1830-09-01,24.538,1.864,India
1830-10-01,23.198,2.462,India
1830-11-01,21.574,1.872,India
1830-12-01,18.082,1.93,India
1831-01-01,16.565,2.079,India
1831-02-01,19.147,3.771,India
1831-03-01,23.557,2.902,India
1831-04-01,26.69,1.187,India
1831-05-01,29.921,2.44,India
1831-06-01,29.209,2.037,India
1831-07-01,26.245,1.489,India
1831-08-01,24.907,1.479,India
1831-09-01,24.056,1.3869999999999998,India
1831-10-01,22.794,1.465,India
1831-11-01,19.301,3.983,India
1831-12-01,16.508000000000006,3.141,India
1832-01-01,16.078,1.742,India
1832-02-01,18.202,2.006,India
1832-03-01,23.534,1.741,India
1832-04-01,27.598000000000003,2.881,India
1832-05-01,29.973000000000003,2.338,India
1832-06-01,,,India
1832-07-01,27.105,2.123,India
1832-08-01,25.394,2.276,India
1832-09-01,24.211,1.896,India
1832-10-01,23.036,2.079,India
1832-11-01,19.455,1.1840000000000002,India
1832-12-01,,,India
1833-01-01,16.995,2.545,India
1833-02-01,19.381,1.4509999999999998,India
1833-03-01,23.141,2.343,India
1833-04-01,26.902,1.459,India
1833-05-01,28.941,1.521,India
1833-06-01,29.161,1.851,India
1833-07-01,26.9,1.425,India
1833-08-01,25.213,1.51,India
1833-09-01,24.817,1.339,India
1833-10-01,22.958,1.412,India
1833-11-01,20.702,1.5659999999999998,India
1833-12-01,17.468,2.363,India
1834-01-01,15.609000000000002,1.725,India
1834-02-01,19.172,2.084,India
1834-03-01,23.655,2.106,India
1834-04-01,26.768,2.006,India
1834-05-01,30.234,1.429,India
1834-06-01,28.376,2.2030000000000003,India
1834-07-01,26.552,1.4069999999999998,India
1834-08-01,25.474,1.177,India
1834-09-01,25.195,1.988,India
1834-10-01,23.129,1.001,India
1834-11-01,20.486,1.759,India
1834-12-01,17.704,1.268,India
1835-01-01,16.965999999999998,2.011,India
1835-02-01,19.085,1.98,India
1835-03-01,22.397,1.135,India
1835-04-01,26.15,1.941,India
1835-05-01,28.282,1.2,India
1835-06-01,27.61,1.609,India
1835-07-01,25.674,1.487,India
1835-08-01,24.582,1.3330000000000002,India
1835-09-01,24.038,1.401,India
1835-10-01,22.62,1.061,India
1835-11-01,18.8,1.398,India
1835-12-01,15.693,1.475,India
1836-01-01,16.279,0.967,India
1836-02-01,18.658,1.4409999999999998,India
1836-03-01,22.974,1.364,India
1836-04-01,26.581,1.242,India
1836-05-01,29.178,1.681,India
1836-06-01,28.739,1.215,India
1836-07-01,26.399,1.314,India
1836-08-01,25.049,1.6880000000000002,India
1836-09-01,25.011,1.997,India
1836-10-01,23.705,3.851,India
1836-11-01,19.315,1.797,India
1836-12-01,17.222,2.086,India
1837-01-01,16.974,1.75,India
1837-02-01,19.469,1.399,India
1837-03-01,22.557,1.904,India
1837-04-01,25.811,1.412,India
1837-05-01,28.233,1.5219999999999998,India
1837-06-01,28.064,1.655,India
1837-07-01,26.407,1.122,India
1837-08-01,25.428,0.939,India
1837-09-01,25.252,1.4409999999999998,India
1837-10-01,23.036,2.075,India
1837-11-01,19.7,2.113,India
1837-12-01,17.264,3.275,India
1838-01-01,14.552,2.209,India
1838-02-01,18.164,1.283,India
1838-03-01,22.433000000000003,1.39,India
1838-04-01,27.11,1.4280000000000002,India
1838-05-01,28.662,1.124,India
1838-06-01,28.632,1.4469999999999998,India
1838-07-01,27.264000000000006,2.69,India
1838-08-01,25.756,2.44,India
1838-09-01,25.333,1.319,India
1838-10-01,23.542,2.895,India
1838-11-01,19.936,2.211,India
1838-12-01,16.930999999999997,1.958,India
1839-01-01,17.080000000000002,1.5019999999999998,India
1839-02-01,19.788,1.624,India
1839-03-01,21.856,1.68,India
1839-04-01,27.024,1.3430000000000002,India
1839-05-01,28.879,1.07,India
1839-06-01,28.301,1.165,India
1839-07-01,26.879,2.26,India
1839-08-01,25.681,1.644,India
1839-09-01,24.73,1.273,India
1839-10-01,23.599,1.702,India
1839-11-01,18.948,1.641,India
1839-12-01,16.172,2.012,India
1840-01-01,17.352999999999998,1.914,India
1840-02-01,19.266,2.051,India
1840-03-01,22.937,1.6909999999999998,India
1840-04-01,27.185,1.651,India
1840-05-01,29.242,1.71,India
1840-06-01,28.615,1.713,India
1840-07-01,27.185,0.99,India
1840-08-01,25.486,1.2009999999999998,India
1840-09-01,24.75,1.025,India
1840-10-01,23.075,1.54,India
1840-11-01,19.404,3.221,India
1840-12-01,16.844,1.19,India
1841-01-01,16.706,2.494,India
1841-02-01,19.124,1.138,India
1841-03-01,22.343000000000004,2.852,India
1841-04-01,26.193,1.596,India
1841-05-01,28.79,1.348,India
1841-06-01,28.487,1.209,India
1841-07-01,27.141,1.226,India
1841-08-01,25.486,1.628,India
1841-09-01,25.078000000000003,0.978,India
1841-10-01,22.989,1.365,India
1841-11-01,19.971,1.338,India
1841-12-01,16.820999999999998,1.745,India
1842-01-01,16.59,1.433,India
1842-02-01,19.183,1.713,India
1842-03-01,23.559,2.282,India
1842-04-01,27.206,1.459,India
1842-05-01,29.148000000000003,0.926,India
1842-06-01,28.21,1.08,India
1842-07-01,26.667,1.4069999999999998,India
1842-08-01,25.333,1.181,India
1842-09-01,24.59,1.3030000000000002,India
1842-10-01,23.055,1.293,India
1842-11-01,19.829,1.357,India
1842-12-01,17.601000000000006,1.077,India
1843-01-01,17.105,1.641,India
1843-02-01,19.783,1.541,India
1843-03-01,22.84,1.582,India
1843-04-01,26.628,1.305,India
1843-05-01,28.404,1.275,India
1843-06-01,28.228,0.965,India
1843-07-01,26.735000000000007,0.963,India
1843-08-01,25.625,1.246,India
1843-09-01,25.035,0.878,India
1843-10-01,23.177,1.147,India
1843-11-01,19.531,0.813,India
1843-12-01,16.657,2.745,India
1844-01-01,16.37,1.056,India
1844-02-01,17.971,1.624,India
1844-03-01,23.072,1.822,India
1844-04-01,26.745,1.123,India
1844-05-01,28.368,1.144,India
1844-06-01,28.341,0.843,India
1844-07-01,26.32,1.029,India
1844-08-01,25.485,2.326,India
1844-09-01,24.646,0.894,India
1844-10-01,23.156,1.013,India
1844-11-01,19.836,0.994,India
1844-12-01,16.819000000000006,1.484,India
1845-01-01,16.900000000000002,1.44,India
1845-02-01,18.51,2.085,India
1845-03-01,23.43,1.085,India
1845-04-01,26.783,1.599,India
1845-05-01,29.158,0.941,India
1845-06-01,28.252,1.067,India
1845-07-01,26.902,0.941,India
1845-08-01,25.795,0.931,India
1845-09-01,25.258000000000003,1.019,India
1845-10-01,23.05,0.994,India
1845-11-01,19.824,0.961,India
1845-12-01,16.256,1.749,India
1846-01-01,17.963,1.621,India
1846-02-01,19.517,1.028,India
1846-03-01,24.426,1.68,India
1846-04-01,26.804,1.485,India
1846-05-01,29.276,1.266,India
1846-06-01,28.723000000000003,1.979,India
1846-07-01,27.418000000000006,1.776,India
1846-08-01,26.14,1.384,India
1846-09-01,25.14,1.7,India
1846-10-01,22.828000000000003,1.218,India
1846-11-01,20.151,1.506,India
1846-12-01,17.244,1.348,India
1847-01-01,17.203,2.948,India
1847-02-01,19.184,1.797,India
1847-03-01,22.714,1.155,India
1847-04-01,27.143,1.142,India
1847-05-01,28.803,1.107,India
1847-06-01,28.256,1.32,India
1847-07-01,26.877,1.378,India
1847-08-01,25.736,1.086,India
1847-09-01,25.202,1.114,India
1847-10-01,23.179,1.108,India
1847-11-01,19.965,1.3430000000000002,India
1847-12-01,15.558000000000002,1.132,India
1848-01-01,15.931,1.7,India
1848-02-01,19.245,1.429,India
1848-03-01,22.931,0.8079999999999999,India
1848-04-01,26.672,1.183,India
1848-05-01,28.837,1.305,India
1848-06-01,27.942,1.836,India
1848-07-01,26.885,1.544,India
1848-08-01,25.693,1.262,India
1848-09-01,25.08,1.285,India
1848-10-01,23.107,1.24,India
1848-11-01,19.552,0.867,India
1848-12-01,16.855999999999998,1.182,India
1849-01-01,16.002000000000002,0.947,India
1849-02-01,18.572,1.995,India
1849-03-01,23.277,2.014,India
1849-04-01,26.931,1.744,India
1849-05-01,28.961,0.8640000000000001,India
1849-06-01,27.975,1.554,India
1849-07-01,26.631,1.065,India
1849-08-01,25.641,1.1740000000000002,India
1849-09-01,25.006,1.294,India
1849-10-01,23.396,1.518,India
1849-11-01,20.333,1.185,India
1849-12-01,15.966,1.385,India
1850-01-01,15.898,1.358,India
1850-02-01,18.741,1.758,India
1850-03-01,22.975,2.893,India
1850-04-01,26.744,1.297,India
1850-05-01,28.587,0.867,India
1850-06-01,28.79,0.902,India
1850-07-01,27.063,0.888,India
1850-08-01,26.111,1.1,India
1850-09-01,25.492,0.792,India
1850-10-01,24.488000000000003,2.35,India
1850-11-01,20.602,3.049,India
1850-12-01,16.564,1.073,India
1851-01-01,16.090999999999998,1.211,India
1851-02-01,18.646,1.266,India
1851-03-01,22.994,1.3430000000000002,India
1851-04-01,26.714,1.263,India
1851-05-01,29.508000000000003,1.035,India
1851-06-01,28.498,1.188,India
1851-07-01,26.798,1.41,India
1851-08-01,26.045,1.135,India
1851-09-01,25.681,1.038,India
1851-10-01,24.015,1.537,India
1851-11-01,19.906,1.144,India
1851-12-01,16.926000000000002,2.26,India
1852-01-01,16.816000000000006,1.927,India
1852-02-01,19.474,1.598,India
1852-03-01,22.372,1.307,India
1852-04-01,26.567,1.643,India
1852-05-01,29.053,1.48,India
1852-06-01,28.549,0.916,India
1852-07-01,26.790000000000006,1.3130000000000002,India
1852-08-01,25.687,1.091,India
1852-09-01,25.395,0.931,India
1852-10-01,23.374,1.275,India
1852-11-01,19.466,1.16,India
1852-12-01,16.997,1.922,India
1853-01-01,15.862000000000002,1.72,India
1853-02-01,18.969,2.382,India
1853-03-01,23.503,1.18,India
1853-04-01,26.995,1.385,India
1853-05-01,29.598000000000003,0.782,India
1853-06-01,29.362,0.805,India
1853-07-01,27.497,0.862,India
1853-08-01,26.145,0.926,India
1853-09-01,25.714,0.856,India
1853-10-01,23.549,0.847,India
1853-11-01,19.694000000000003,1.217,India
1853-12-01,17.097,0.805,India
1854-01-01,16.844,1.46,India
1854-02-01,18.469,1.314,India
1854-03-01,23.49,0.794,India
1854-04-01,26.871,1.636,India
1854-05-01,29.674,1.099,India
1854-06-01,28.847,1.257,India
1854-07-01,27.28,1.2,India
1854-08-01,26.168000000000006,1.268,India
1854-09-01,25.409,1.04,India
1854-10-01,24.276,1.319,India
1854-11-01,20.507,1.132,India
1854-12-01,17.274,1.761,India
1855-01-01,17.122,1.595,India
1855-02-01,19.491,1.338,India
1855-03-01,23.327,1.22,India
1855-04-01,27.919,1.514,India
1855-05-01,30.131,1.268,India
1855-06-01,28.851,1.193,India
1855-07-01,27.083,1.228,India
1855-08-01,26.16200000000001,1.178,India
1855-09-01,25.429,1.087,India
1855-10-01,23.376,1.257,India
1855-11-01,19.943,1.094,India
1855-12-01,16.271,1.755,India
1856-01-01,16.928,1.195,India
1856-02-01,19.006,1.633,India
1856-03-01,23.084,1.394,India
1856-04-01,26.949,1.088,India
1856-05-01,29.095,1.462,India
1856-06-01,28.716,1.399,India
1856-07-01,26.478,1.176,India
1856-08-01,24.847,1.742,India
1856-09-01,24.87,1.336,India
1856-10-01,22.99,1.082,India
1856-11-01,19.765,1.081,India
1856-12-01,16.776,1.324,India
1857-01-01,16.039,1.239,India
1857-02-01,18.305,1.622,India
1857-03-01,22.687,1.102,India
1857-04-01,26.196,1.136,India
1857-05-01,28.663,1.069,India
1857-06-01,27.666,1.375,India
1857-07-01,26.262,1.314,India
1857-08-01,25.531,1.104,India
1857-09-01,25.11,1.023,India
1857-10-01,22.736,1.533,India
1857-11-01,19.622,1.459,India
1857-12-01,16.757,1.388,India
1858-01-01,17.017,1.717,India
1858-02-01,18.986,1.148,India
1858-03-01,23.347,1.269,India
1858-04-01,27.872,1.3869999999999998,India
1858-05-01,29.408,1.388,India
1858-06-01,28.51,1.23,India
1858-07-01,26.404,1.252,India
1858-08-01,25.707,1.165,India
1858-09-01,25.259,1.118,India
1858-10-01,23.707,1.25,India
1858-11-01,20.666,1.283,India
1858-12-01,16.317999999999998,1.293,India
1859-01-01,16.650000000000002,1.178,India
1859-02-01,19.179,1.214,India
1859-03-01,23.664,1.283,India
1859-04-01,27.814,1.383,India
1859-05-01,29.891,1.2009999999999998,India
1859-06-01,28.818,1.24,India
1859-07-01,26.559,1.156,India
1859-08-01,25.559,1.1,India
1859-09-01,25.1,1.083,India
1859-10-01,23.766,1.199,India
1859-11-01,20.244,1.419,India
1859-12-01,16.809,1.4780000000000002,India
1860-01-01,16.324,1.177,India
1860-02-01,18.812,1.228,India
1860-03-01,22.138,1.504,India
1860-04-01,27.185,1.209,India
1860-05-01,29.518,1.136,India
1860-06-01,28.86,1.126,India
1860-07-01,26.882,1.106,India
1860-08-01,26.149,1.21,India
1860-09-01,25.839,1.181,India
1860-10-01,23.672,1.133,India
1860-11-01,19.835,1.127,India
1860-12-01,15.548000000000002,1.154,India
1861-01-01,15.27,1.3630000000000002,India
1861-02-01,18.336,1.177,India
1861-03-01,23.034,1.185,India
1861-04-01,26.995,1.252,India
1861-05-01,29.198,1.2009999999999998,India
1861-06-01,28.588,1.494,India
1861-07-01,26.642000000000003,1.346,India
1861-08-01,25.81900000000001,1.168,India
1861-09-01,25.318,1.081,India
1861-10-01,23.41,1.087,India
1861-11-01,20.327,1.406,India
1861-12-01,16.655,1.513,India
1862-01-01,15.332,1.307,India
1862-02-01,17.901,1.325,India
1862-03-01,22.746,1.196,India
1862-04-01,,,India
1862-05-01,,,India
1862-06-01,,,India
1862-07-01,,,India
1862-08-01,,,India
1862-09-01,,,India
1862-10-01,,,India
1862-11-01,,,India
1862-12-01,,,India
1863-01-01,,,India
1863-02-01,,,India
1863-03-01,,,India
1863-04-01,,,India
1863-05-01,,,India
1863-06-01,,,India
1863-07-01,,,India
1863-08-01,,,India
1863-09-01,,,India
1863-10-01,,,India
1863-11-01,,,India
1863-12-01,,,India
1864-01-01,,,India
1864-02-01,,,India
1864-03-01,,,India
1864-04-01,,,India
1864-05-01,,,India
1864-06-01,,,India
1864-07-01,,,India
1864-08-01,,,India
1864-09-01,,,India
1864-10-01,,,India
1864-11-01,,,India
1864-12-01,,,India
1865-01-01,17.287000000000006,1.127,India
1865-02-01,19.031,1.933,India
1865-03-01,22.661,1.203,India
1865-04-01,26.937,1.3119999999999998,India
1865-05-01,29.503,1.471,India
1865-06-01,29.257,1.128,India
1865-07-01,26.924000000000003,1.117,India
1865-08-01,26.052,1.134,India
1865-09-01,26.048,1.084,India
1865-10-01,24.073,1.124,India
1865-11-01,20.838,1.223,India
1865-12-01,16.863,1.3219999999999998,India
1866-01-01,17.224,1.284,India
1866-02-01,18.834,1.346,India
1866-03-01,23.022,1.183,India
1866-04-01,27.506,1.3219999999999998,India
1866-05-01,29.919,1.337,India
1866-06-01,28.815,1.159,India
1866-07-01,27.153,1.261,India
1866-08-01,25.955,1.181,India
1866-09-01,25.745,1.233,India
1866-10-01,23.59800000000001,1.108,India
1866-11-01,20.313,1.148,India
1866-12-01,17.792,1.244,India
1867-01-01,17.011000000000006,1.29,India
1867-02-01,18.965,1.116,India
1867-03-01,23.342,1.2009999999999998,India
1867-04-01,27.576,1.219,India
1867-05-01,29.356,1.143,India
1867-06-01,29.002,1.136,India
1867-07-01,26.886000000000006,1.148,India
1867-08-01,26.011000000000006,1.214,India
1867-09-01,25.693,1.117,India
1867-10-01,24.019,1.055,India
1867-11-01,21.194000000000003,1.46,India
1867-12-01,17.723000000000006,1.329,India
1868-01-01,16.346,1.223,India
1868-02-01,18.506,1.497,India
1868-03-01,22.925,1.246,India
1868-04-01,27.525,1.4240000000000002,India
1868-05-01,29.913,1.2919999999999998,India
1868-06-01,28.847,1.091,India
1868-07-01,26.882,1.0759999999999998,India
1868-08-01,26.182,1.147,India
1868-09-01,25.785,1.147,India
1868-10-01,24.29,1.115,India
1868-11-01,20.111,1.3030000000000002,India
1868-12-01,16.897000000000002,1.211,India
1869-01-01,16.581,1.43,India
1869-02-01,19.805,1.351,India
1869-03-01,23.022,1.3130000000000002,India
1869-04-01,27.641,1.392,India
1869-05-01,29.692,1.395,India
1869-06-01,28.947,1.153,India
1869-07-01,26.995,1.142,India
1869-08-01,25.904,1.266,India
1869-09-01,25.937,1.133,India
1869-10-01,23.832,1.158,India
1869-11-01,20.112,1.091,India
1869-12-01,16.332,1.344,India
1870-01-01,16.51,1.077,India
1870-02-01,18.711,1.411,India
1870-03-01,23.23,0.962,India
1870-04-01,27.566,1.237,India
1870-05-01,30.15,1.077,India
1870-06-01,28.782,1.178,India
1870-07-01,26.588,1.01,India
1870-08-01,25.423,0.904,India
1870-09-01,25.516,0.925,India
1870-10-01,23.732,1.158,India
1870-11-01,20.086,1.423,India
1870-12-01,16.128,1.025,India
1871-01-01,16.165000000000006,1.294,India
1871-02-01,18.913,1.758,India
1871-03-01,23.25,1.467,India
1871-04-01,27.582,1.007,India
1871-05-01,29.435,1.18,India
1871-06-01,28.981,1.288,India
1871-07-01,26.534,0.921,India
1871-08-01,26.032,0.85,India
1871-09-01,25.841,0.999,India
1871-10-01,24.036,0.906,India
1871-11-01,19.83,1.028,India
1871-12-01,16.783,1.032,India
1872-01-01,16.469,1.642,India
1872-02-01,18.654,1.232,India
1872-03-01,23.876,1.1740000000000002,India
1872-04-01,27.342,1.356,India
1872-05-01,29.562,0.993,India
1872-06-01,28.741,1.037,India
1872-07-01,26.615,0.965,India
1872-08-01,25.727,1.319,India
1872-09-01,25.574,0.87,India
1872-10-01,24.024,0.8859999999999999,India
1872-11-01,20.055,0.964,India
1872-12-01,16.883000000000006,1.591,India
1873-01-01,16.271,1.134,India
1873-02-01,19.325,1.167,India
1873-03-01,23.128,1.082,India
1873-04-01,27.228,1.177,India
1873-05-01,29.873,1.16,India
1873-06-01,28.762,1.012,India
1873-07-01,26.85100000000001,1.185,India
1873-08-01,25.988000000000003,0.9,India
1873-09-01,25.632,1.14,India
1873-10-01,24.008000000000003,1.01,India
1873-11-01,20.145,0.885,India
1873-12-01,17.211000000000002,1.033,India
1874-01-01,16.268,1.287,India
1874-02-01,19.066,1.1,India
1874-03-01,22.575,1.231,India
1874-04-01,27.611,0.963,India
1874-05-01,29.463,1.12,India
1874-06-01,28.725,1.193,India
1874-07-01,26.666,0.94,India
1874-08-01,26.026,0.939,India
1874-09-01,25.55,0.977,India
1874-10-01,24.408,1.122,India
1874-11-01,20.685,1.0590000000000002,India
1874-12-01,16.668,1.352,India
1875-01-01,16.312,0.7020000000000001,India
1875-02-01,18.697,0.8270000000000001,India
1875-03-01,24.889,0.7040000000000001,India
1875-04-01,28.22,0.52,India
1875-05-01,29.57,0.546,India
1875-06-01,28.92,0.88,India
1875-07-01,26.56600000000001,0.784,India
1875-08-01,25.757,0.388,India
1875-09-01,25.608,0.462,India
1875-10-01,23.003,0.6509999999999999,India
1875-11-01,20.031,0.435,India
1875-12-01,17.493000000000002,0.306,India
1876-01-01,16.989,0.935,India
1876-02-01,19.176,0.728,India
1876-03-01,23.687,1.473,India
1876-04-01,27.541,0.8809999999999999,India
1876-05-01,30.01,1.038,India
1876-06-01,29.635,0.631,India
1876-07-01,26.58,0.731,India
1876-08-01,25.937,0.609,India
1876-09-01,25.334,0.7659999999999999,India
1876-10-01,23.16,0.731,India
1876-11-01,19.915,1.0490000000000002,India
1876-12-01,16.747,1.064,India
1877-01-01,16.713,1.56,India
1877-02-01,17.823,1.469,India
1877-03-01,23.198,0.452,India
1877-04-01,25.839,0.833,India
1877-05-01,28.607,0.669,India
1877-06-01,29.245,1.741,India
1877-07-01,27.837,0.652,India
1877-08-01,27.25,0.7240000000000001,India
1877-09-01,26.533,0.5920000000000001,India
1877-10-01,23.887,0.649,India
1877-11-01,21.593000000000004,0.995,India
1877-12-01,18.068,1.901,India
1878-01-01,16.421,1.197,India
1878-02-01,20.25,0.816,India
1878-03-01,24.427,0.606,India
1878-04-01,27.205,0.66,India
1878-05-01,28.485,0.356,India
1878-06-01,30.349,1.178,India
1878-07-01,27.407,0.705,India
1878-08-01,26.214,0.6890000000000001,India
1878-09-01,26.356,0.599,India
1878-10-01,24.908,0.487,India
1878-11-01,20.819000000000003,0.8490000000000001,India
1878-12-01,16.732,1.047,India
1879-01-01,16.977,0.562,India
1879-02-01,19.754,0.768,India
1879-03-01,23.725,0.484,India
1879-04-01,28.485,1.019,India
1879-05-01,30.072,0.8640000000000001,India
1879-06-01,28.064,0.83,India
1879-07-01,26.626,0.957,India
1879-08-01,25.472,0.525,India
1879-09-01,25.449,0.57,India
1879-10-01,23.679,0.8270000000000001,India
1879-11-01,18.962,0.455,India
1879-12-01,15.948,0.97,India
1880-01-01,16.969,0.882,India
1880-02-01,18.473,0.517,India
1880-03-01,25.279,0.75,India
1880-04-01,28.576,0.4270000000000001,India
1880-05-01,29.532,0.789,India
1880-06-01,28.683000000000003,0.565,India
1880-07-01,26.06,0.5660000000000001,India
1880-08-01,26.25,0.526,India
1880-09-01,25.552,0.564,India
1880-10-01,24.311,0.665,India
1880-11-01,19.941,1.777,India
1880-12-01,16.703,0.7490000000000001,India
1881-01-01,16.505000000000006,0.627,India
1881-02-01,20.048,0.7170000000000001,India
1881-03-01,22.817,0.546,India
1881-04-01,27.561,0.4,India
1881-05-01,29.857,0.383,India
1881-06-01,28.288,0.755,India
1881-07-01,26.634,0.347,India
1881-08-01,25.898000000000003,0.405,India
1881-09-01,25.818,0.376,India
1881-10-01,24.077,0.26,India
1881-11-01,19.683,0.522,India
1881-12-01,16.948,0.748,India
1882-01-01,17.5,0.909,India
1882-02-01,18.677,0.517,India
1882-03-01,24.403,0.421,India
1882-04-01,27.314,0.428,India
1882-05-01,28.806,0.597,India
1882-06-01,27.966,0.378,India
1882-07-01,25.87,0.513,India
1882-08-01,25.854000000000006,0.48,India
1882-09-01,25.64,0.321,India
1882-10-01,23.831,0.202,India
1882-11-01,19.63,0.88,India
1882-12-01,17.570999999999998,0.41,India
1883-01-01,16.645,0.48,India
1883-02-01,18.255,0.836,India
1883-03-01,23.104,0.667,India
1883-04-01,27.907,0.374,India
1883-05-01,29.436,0.5,India
1883-06-01,28.359,0.398,India
1883-07-01,26.356,0.563,India
1883-08-01,26.535,0.348,India
1883-09-01,25.592,0.261,India
1883-10-01,23.517,0.34,India
1883-11-01,19.064,0.373,India
1883-12-01,15.32,0.748,India
1884-01-01,16.230999999999998,0.527,India
1884-02-01,18.258,0.583,India
1884-03-01,24.038,0.5579999999999999,India
1884-04-01,27.013,0.621,India
1884-05-01,29.532,0.4920000000000001,India
1884-06-01,28.623,0.453,India
1884-07-01,26.527,0.383,India
1884-08-01,25.842,0.403,India
1884-09-01,25.247,0.471,India
1884-10-01,22.72300000000001,0.5589999999999999,India
1884-11-01,18.692,0.504,India
1884-12-01,16.162,0.7879999999999999,India
1885-01-01,16.816000000000006,0.718,India
1885-02-01,17.399,0.546,India
1885-03-01,23.56,0.4970000000000001,India
1885-04-01,26.719,0.389,India
1885-05-01,28.011,0.481,India
1885-06-01,28.453000000000003,0.416,India
1885-07-01,26.602,0.342,India
1885-08-01,25.97600000000001,0.446,India
1885-09-01,25.81,0.509,India
1885-10-01,24.144,0.598,India
1885-11-01,20.33,0.6659999999999999,India
1885-12-01,16.859,0.983,India
1886-01-01,16.46,0.691,India
1886-02-01,18.399,0.872,India
1886-03-01,23.481,0.423,India
1886-04-01,27.305,0.265,India
1886-05-01,29.333,0.507,India
1886-06-01,28.286,0.277,India
1886-07-01,26.298,0.369,India
1886-08-01,25.924,0.3,India
1886-09-01,26.031,0.382,India
1886-10-01,24.463,0.72,India
1886-11-01,20.621,0.552,India
1886-12-01,17.137,0.964,India
1887-01-01,16.279,0.934,India
1887-02-01,18.518,1.014,India
1887-03-01,23.784,0.66,India
1887-04-01,27.448,0.469,India
1887-05-01,30.062,0.605,India
1887-06-01,28.087,0.412,India
1887-07-01,25.998,0.578,India
1887-08-01,25.397,0.4370000000000001,India
1887-09-01,25.331,0.537,India
1887-10-01,23.379,0.439,India
1887-11-01,19.978,0.736,India
1887-12-01,16.805,0.6729999999999999,India
1888-01-01,15.716,1.105,India
1888-02-01,18.912,0.943,India
1888-03-01,24.513,0.765,India
1888-04-01,27.886,0.7959999999999999,India
1888-05-01,29.386,0.457,India
1888-06-01,29.188,0.6579999999999999,India
1888-07-01,26.423,0.441,India
1888-08-01,25.681,0.442,India
1888-09-01,25.871,0.443,India
1888-10-01,23.928,0.609,India
1888-11-01,20.342,0.545,India
1888-12-01,16.586000000000002,0.777,India
1889-01-01,17.616,0.508,India
1889-02-01,19.321,0.5670000000000001,India
1889-03-01,24.723000000000003,0.5770000000000001,India
1889-04-01,28.13,0.631,India
1889-05-01,30.025,0.331,India
1889-06-01,28.727,0.286,India
1889-07-01,26.822000000000006,0.301,India
1889-08-01,26.025,0.366,India
1889-09-01,26.049,0.574,India
1889-10-01,23.428,0.245,India
1889-11-01,19.834,0.7090000000000001,India
1889-12-01,17.158,1.056,India
1890-01-01,17.122,0.578,India
1890-02-01,19.845,1.011,India
1890-03-01,23.896,0.863,India
1890-04-01,27.79,0.785,India
1890-05-01,29.95,0.8690000000000001,India
1890-06-01,28.113000000000003,0.406,India
1890-07-01,25.692,0.293,India
1890-08-01,25.275,0.371,India
1890-09-01,25.557,0.506,India
1890-10-01,23.61,0.359,India
1890-11-01,20.016,0.512,India
1890-12-01,17.515,0.634,India
1891-01-01,16.583000000000002,0.741,India
1891-02-01,18.055,0.515,India
1891-03-01,22.014,0.257,India
1891-04-01,27.375,0.265,India
1891-05-01,29.183000000000003,0.34,India
1891-06-01,29.954,0.363,India
1891-07-01,27.32,0.261,India
1891-08-01,26.023000000000003,0.239,India
1891-09-01,25.934,0.483,India
1891-10-01,23.631,0.286,India
1891-11-01,20.453,0.542,India
1891-12-01,17.246000000000002,0.476,India
1892-01-01,17.621000000000006,0.563,India
1892-02-01,19.994,0.359,India
1892-03-01,24.809,0.784,India
1892-04-01,29.378,0.44,India
1892-05-01,30.172,0.575,India
1892-06-01,28.556,0.395,India
1892-07-01,26.768,0.362,India
1892-08-01,25.578000000000003,0.376,India
1892-09-01,25.382,0.298,India
1892-10-01,23.693,0.292,India
1892-11-01,19.384,0.6809999999999999,India
1892-12-01,16.543,0.737,India
1893-01-01,15.643,0.5589999999999999,India
1893-02-01,16.57,0.613,India
1893-03-01,21.431,0.5489999999999999,India
1893-04-01,27.218000000000004,0.419,India
1893-05-01,28.666,0.368,India
1893-06-01,27.484,0.524,India
1893-07-01,25.981,0.395,India
1893-08-01,25.967,0.288,India
1893-09-01,25.164,0.277,India
1893-10-01,23.474,0.389,India
1893-11-01,20.213,0.532,India
1893-12-01,16.867,0.6,India
1894-01-01,16.849,0.615,India
1894-02-01,19.819000000000003,0.5379999999999999,India
1894-03-01,23.497,0.655,India
1894-04-01,27.478,0.345,India
1894-05-01,30.165,0.246,India
1894-06-01,28.334,0.171,India
1894-07-01,26.176,0.197,India
1894-08-01,25.688,0.531,India
1894-09-01,25.646,0.376,India
1894-10-01,23.942,0.259,India
1894-11-01,19.677,0.5589999999999999,India
1894-12-01,17.029,0.573,India
1895-01-01,16.557000000000002,0.539,India
1895-02-01,19.108,0.341,India
1895-03-01,23.521,0.365,India
1895-04-01,26.867,0.407,India
1895-05-01,30.519,0.382,India
1895-06-01,28.625,0.328,India
1895-07-01,26.814,0.314,India
1895-08-01,25.9,0.391,India
1895-09-01,26.143,0.286,India
1895-10-01,23.66200000000001,0.308,India
1895-11-01,21.269,0.405,India
1895-12-01,16.616,0.458,India
1896-01-01,16.900000000000002,0.31,India
1896-02-01,19.769,0.412,India
1896-03-01,24.66,0.449,India
1896-04-01,28.822,0.463,India
1896-05-01,30.707,0.257,India
1896-06-01,28.757,0.26,India
1896-07-01,27.200000000000006,0.229,India
1896-08-01,26.02,0.438,India
1896-09-01,26.452,0.409,India
1896-10-01,24.853,0.392,India
1896-11-01,21.296,0.41,India
1896-12-01,17.417,0.445,India
1897-01-01,17.445,0.764,India
1897-02-01,19.908,0.296,India
1897-03-01,23.659,0.41,India
1897-04-01,27.817,0.585,India
1897-05-01,30.695,0.446,India
1897-06-01,29.702,0.462,India
1897-07-01,27.681,0.277,India
1897-08-01,26.355,0.376,India
1897-09-01,26.106,0.404,India
1897-10-01,24.127,0.561,India
1897-11-01,20.43,0.635,India
1897-12-01,16.709,0.391,India
1898-01-01,16.897000000000002,0.856,India
1898-02-01,18.688,0.521,India
1898-03-01,23.92,0.456,India
1898-04-01,28.917,0.46,India
1898-05-01,30.043000000000003,0.448,India
1898-06-01,29.207,0.39,India
1898-07-01,26.681,0.37,India
1898-08-01,26.133000000000006,0.413,India
1898-09-01,25.725,0.159,India
1898-10-01,24.304,0.213,India
1898-11-01,20.619,0.495,India
1898-12-01,17.632,0.6409999999999999,India
1899-01-01,15.345,0.622,India
1899-02-01,19.528,0.475,India
1899-03-01,24.715,0.466,India
1899-04-01,27.011,0.481,India
1899-05-01,29.985,0.394,India
1899-06-01,28.529,0.47,India
1899-07-01,26.958,0.393,India
1899-08-01,27.312,0.295,India
1899-09-01,26.907,0.413,India
1899-10-01,24.852,0.301,India
1899-11-01,20.945,0.292,India
1899-12-01,17.974,0.446,India
1900-01-01,17.385,0.6509999999999999,India
1900-02-01,20.05,0.6940000000000001,India
1900-03-01,24.958,0.463,India
1900-04-01,27.672,0.491,India
1900-05-01,29.772,0.237,India
1900-06-01,29.928,0.5,India
1900-07-01,27.609,0.637,India
1900-08-01,26.493,0.441,India
1900-09-01,25.643,0.316,India
1900-10-01,23.674,0.4320000000000001,India
1900-11-01,21.122,0.341,India
1900-12-01,18.108,0.589,India
1901-01-01,16.172,0.316,India
1901-02-01,18.506,0.5379999999999999,India
1901-03-01,23.703000000000003,0.386,India
1901-04-01,27.474,0.5660000000000001,India
1901-05-01,29.787,0.473,India
1901-06-01,29.944000000000003,0.314,India
1901-07-01,27.522,0.415,India
1901-08-01,26.179,0.332,India
1901-09-01,26.296,0.406,India
1901-10-01,25.146,0.301,India
1901-11-01,20.879,0.352,India
1901-12-01,17.403000000000002,0.439,India
1902-01-01,17.719,0.5760000000000001,India
1902-02-01,19.867,0.478,India
1902-03-01,25.17,0.289,India
1902-04-01,27.848000000000003,0.302,India
1902-05-01,30.26,0.551,India
1902-06-01,29.534,0.59,India
1902-07-01,27.214,0.473,India
1902-08-01,26.967,0.381,India
1902-09-01,25.887,0.288,India
1902-10-01,24.213,0.274,India
1902-11-01,20.255,0.216,India
1902-12-01,16.89,0.5429999999999999,India
1903-01-01,16.939,0.564,India
1903-02-01,18.644,0.532,India
1903-03-01,22.983,0.421,India
1903-04-01,27.185,0.477,India
1903-05-01,29.496,0.274,India
1903-06-01,29.878,0.404,India
1903-07-01,27.564,0.445,India
1903-08-01,26.195,0.347,India
1903-09-01,26.061,0.433,India
1903-10-01,24.075,0.336,India
1903-11-01,19.707,0.495,India
1903-12-01,16.482,0.483,India
1904-01-01,16.723000000000006,0.621,India
1904-02-01,19.177,0.527,India
1904-03-01,23.349,0.336,India
1904-04-01,28.047,0.225,India
1904-05-01,29.465,0.349,India
1904-06-01,28.616,0.352,India
1904-07-01,26.408,0.42,India
1904-08-01,26.085,0.457,India
1904-09-01,25.904,0.274,India
1904-10-01,24.244,0.209,India
1904-11-01,19.988,0.324,India
1904-12-01,17.096,0.3,India
1905-01-01,15.754,0.591,India
1905-02-01,16.043,0.499,India
1905-03-01,21.969,0.378,India
1905-04-01,25.546,0.271,India
1905-05-01,30.149,0.375,India
1905-06-01,30.124,0.394,India
1905-07-01,27.231,0.36,India
1905-08-01,26.637,0.298,India
1905-09-01,26.23,0.27,India
1905-10-01,24.48,0.305,India
1905-11-01,21.126,0.333,India
1905-12-01,16.891000000000002,0.476,India
1906-01-01,16.315,0.481,India
1906-02-01,18.395,0.388,India
1906-03-01,22.443,0.256,India
1906-04-01,27.78,0.378,India
1906-05-01,30.947,0.464,India
1906-06-01,28.841,0.47,India
1906-07-01,27.041,0.374,India
1906-08-01,26.192,0.306,India
1906-09-01,25.791,0.215,India
1906-10-01,24.247,0.237,India
1906-11-01,21.004,0.197,India
1906-12-01,17.660999999999998,0.5770000000000001,India
1907-01-01,17.669,0.428,India
1907-02-01,18.583,0.343,India
1907-03-01,22.283,0.197,India
1907-04-01,25.785,0.351,India
1907-05-01,28.962,0.413,India
1907-06-01,28.919,0.294,India
1907-07-01,27.661,0.278,India
1907-08-01,25.709,0.402,India
1907-09-01,26.164,0.341,India
1907-10-01,24.728,0.161,India
1907-11-01,21.125,0.358,India
1907-12-01,16.537000000000006,0.3720000000000001,India
1908-01-01,16.417,0.45,India
1908-02-01,19.246,0.489,India
1908-03-01,23.22,0.281,India
1908-04-01,28.495,0.141,India
1908-05-01,29.963,0.344,India
1908-06-01,29.695,0.284,India
1908-07-01,26.375,0.284,India
1908-08-01,25.649,0.349,India
1908-09-01,25.751,0.327,India
1908-10-01,24.058000000000003,0.279,India
1908-11-01,19.831,0.385,India
1908-12-01,16.203000000000007,0.606,India
1909-01-01,16.949,0.356,India
1909-02-01,18.947,0.328,India
1909-03-01,24.33,0.239,India
1909-04-01,26.163,0.32,India
1909-05-01,29.56,0.263,India
1909-06-01,28.083,0.266,India
1909-07-01,26.132,0.428,India
1909-08-01,25.887,0.328,India
1909-09-01,25.544,0.298,India
1909-10-01,24.164,0.442,India
1909-11-01,20.99,0.286,India
1909-12-01,17.183,0.3720000000000001,India
1910-01-01,16.613,0.494,India
1910-02-01,19.175,0.419,India
1910-03-01,23.656,0.241,India
1910-04-01,27.272,0.254,India
1910-05-01,29.873,0.248,India
1910-06-01,28.268,0.127,India
1910-07-01,26.461,0.195,India
1910-08-01,25.956,0.257,India
1910-09-01,25.724,0.258,India
1910-10-01,23.633000000000003,0.343,India
1910-11-01,19.419,0.295,India
1910-12-01,16.48,0.455,India
1911-01-01,17.656000000000006,0.417,India
1911-02-01,18.779,0.5720000000000001,India
1911-03-01,22.388,0.3229999999999999,India
1911-04-01,27.185,0.222,India
1911-05-01,30.436,0.369,India
1911-06-01,28.41,0.16,India
1911-07-01,27.672,0.231,India
1911-08-01,26.34800000000001,0.256,India
1911-09-01,25.879,0.222,India
1911-10-01,24.503,0.271,India
1911-11-01,20.135,0.356,India
1911-12-01,17.041,0.6659999999999999,India
1912-01-01,17.237000000000002,0.64,India
1912-02-01,20.148,0.494,India
1912-03-01,23.552,0.349,India
1912-04-01,27.244,0.285,India
1912-05-01,30.203000000000003,0.221,India
1912-06-01,30.139,0.225,India
1912-07-01,27.001,0.174,India
1912-08-01,26.040000000000006,0.214,India
1912-09-01,25.765,0.293,India
1912-10-01,24.246,0.282,India
1912-11-01,19.889,0.255,India
1912-12-01,16.621000000000002,0.197,India
1913-01-01,16.625999999999998,0.451,India
1913-02-01,19.358,0.246,India
1913-03-01,22.333,0.2,India
1913-04-01,28.176,0.239,India
1913-05-01,29.167,0.23,India
1913-06-01,27.926,0.148,India
1913-07-01,26.644,0.283,India
1913-08-01,26.228,0.457,India
1913-09-01,26.316,0.5329999999999999,India
1913-10-01,24.574,0.398,India
1913-11-01,20.15,0.311,India
1913-12-01,16.912000000000006,0.406,India
1914-01-01,17.441000000000006,0.7090000000000001,India
1914-02-01,19.372,0.234,India
1914-03-01,23.091,0.255,India
1914-04-01,26.634,0.539,India
1914-05-01,29.852,0.462,India
1914-06-01,28.936,0.261,India
1914-07-01,26.629,0.23,India
1914-08-01,26.016,0.374,India
1914-09-01,25.994,0.383,India
1914-10-01,23.83,0.295,India
1914-11-01,21.017,0.396,India
1914-12-01,17.094,0.447,India
1915-01-01,17.044,0.341,India
1915-02-01,18.73,0.347,India
1915-03-01,23.344,0.359,India
1915-04-01,27.327,0.324,India
1915-05-01,30.59,0.326,India
1915-06-01,29.826,0.371,India
1915-07-01,27.69100000000001,0.382,India
1915-08-01,26.665000000000006,0.239,India
1915-09-01,26.513,0.276,India
1915-10-01,25.264,0.292,India
1915-11-01,21.429,0.455,India
1915-12-01,17.058,0.388,India
1916-01-01,17.012999999999998,0.557,India
1916-02-01,18.953,0.512,India
1916-03-01,24.942,0.54,India
1916-04-01,28.04,0.299,India
1916-05-01,30.005,0.34,India
1916-06-01,27.827,0.239,India
1916-07-01,26.899,0.262,India
1916-08-01,26.024,0.291,India
1916-09-01,25.878,0.281,India
1916-10-01,24.091,0.25,India
1916-11-01,19.943,0.385,India
1916-12-01,16.291,0.5329999999999999,India
1917-01-01,16.729000000000006,0.537,India
1917-02-01,19.043,0.377,India
1917-03-01,22.795,0.44,India
1917-04-01,25.902,0.31,India
1917-05-01,27.232,0.287,India
1917-06-01,27.789,0.222,India
1917-07-01,26.52,0.495,India
1917-08-01,26.008000000000006,0.202,India
1917-09-01,25.273000000000003,0.34,India
1917-10-01,23.534,0.204,India
1917-11-01,19.416,0.568,India
1917-12-01,16.732,0.446,India
1918-01-01,15.769000000000002,0.426,India
1918-02-01,19.212,0.487,India
1918-03-01,23.433000000000003,0.333,India
1918-04-01,26.317,0.215,India
1918-05-01,29.728,0.4,India
1918-06-01,27.84,0.357,India
1918-07-01,27.898000000000003,0.215,India
1918-08-01,26.458,0.246,India
1918-09-01,26.283,0.23,India
1918-10-01,24.618,0.189,India
1918-11-01,20.936,0.402,India
1918-12-01,16.769000000000002,0.259,India
1919-01-01,17.379,0.531,India
1919-02-01,19.006,0.4,India
1919-03-01,23.94,0.316,India
1919-04-01,27.028,0.472,India
1919-05-01,29.547,0.242,India
1919-06-01,28.926,0.357,India
1919-07-01,26.703000000000007,0.244,India
1919-08-01,26.134,0.293,India
1919-09-01,25.755,0.19,India
1919-10-01,23.997,0.267,India
1919-11-01,20.701,0.299,India
1919-12-01,16.785999999999998,0.402,India
1920-01-01,17.183,0.466,India
1920-02-01,19.001,0.345,India
1920-03-01,23.686,0.233,India
1920-04-01,27.039,0.522,India
1920-05-01,28.449,0.223,India
1920-06-01,28.911,0.3,India
1920-07-01,26.793000000000006,0.237,India
1920-08-01,26.216,0.276,India
1920-09-01,26.582,0.153,India
1920-10-01,25.084,0.321,India
1920-11-01,21.209,0.434,India
1920-12-01,17.312,0.473,India
1921-01-01,17.406000000000002,0.383,India
1921-02-01,19.287,0.276,India
1921-03-01,25.23,0.212,India
1921-04-01,28.546,0.355,India
1921-05-01,31.329,0.214,India
1921-06-01,29.071,0.274,India
1921-07-01,27.418000000000006,0.404,India
1921-08-01,25.988000000000003,0.242,India
1921-09-01,25.581,0.192,India
1921-10-01,23.597,0.241,India
1921-11-01,19.844,0.222,India
1921-12-01,17.694000000000006,0.45,India
1922-01-01,16.714000000000002,0.422,India
1922-02-01,19.936,0.335,India
1922-03-01,24.374,0.32,India
1922-04-01,28.05,0.29,India
1922-05-01,30.235,0.324,India
1922-06-01,28.571,0.149,India
1922-07-01,26.724,0.252,India
1922-08-01,26.057,0.268,India
1922-09-01,25.659,0.245,India
1922-10-01,23.727,0.262,India
1922-11-01,20.33,0.287,India
1922-12-01,16.476,0.3229999999999999,India
1923-01-01,16.819000000000006,0.344,India
1923-02-01,18.654,0.269,India
1923-03-01,23.688,0.234,India
1923-04-01,27.823,0.206,India
1923-05-01,29.656,0.252,India
1923-06-01,30.522,0.229,India
1923-07-01,26.731,0.209,India
1923-08-01,25.892,0.173,India
1923-09-01,25.886,0.212,India
1923-10-01,23.607,0.212,India
1923-11-01,20.255,0.33,India
1923-12-01,17.378,0.601,India
1924-01-01,16.724,0.325,India
1924-02-01,19.565,0.297,India
1924-03-01,24.943,0.359,India
1924-04-01,28.324,0.36,India
1924-05-01,29.211,0.307,India
1924-06-01,30.129,0.237,India
1924-07-01,27.041,0.231,India
1924-08-01,26.290000000000006,0.269,India
1924-09-01,25.406,0.222,India
1924-10-01,23.917,0.234,India
1924-11-01,19.87,0.218,India
1924-12-01,17.132,0.201,India
1925-01-01,15.629,0.545,India
1925-02-01,18.131,0.449,India
1925-03-01,23.903,0.416,India
1925-04-01,28.372,0.272,India
1925-05-01,29.13,0.302,India
1925-06-01,28.113000000000003,0.332,India
1925-07-01,26.22300000000001,0.233,India
1925-08-01,26.282,0.239,India
1925-09-01,26.33,0.178,India
1925-10-01,24.584,0.244,India
1925-11-01,20.413,0.527,India
1925-12-01,16.840999999999998,0.397,India
1926-01-01,17.236,0.328,India
1926-02-01,20.375,0.307,India
1926-03-01,23.152,0.309,India
1926-04-01,25.739,0.253,India
1926-05-01,29.002,0.399,India
1926-06-01,30.733,0.221,India
1926-07-01,27.488000000000003,0.317,India
1926-08-01,26.283,0.306,India
1926-09-01,25.774,0.151,India
1926-10-01,24.051,0.377,India
1926-11-01,19.354,0.324,India
1926-12-01,16.980999999999998,0.303,India
1927-01-01,16.709,0.332,India
1927-02-01,18.748,0.269,India
1927-03-01,22.994,0.28,India
1927-04-01,27.446,0.161,India
1927-05-01,29.554,0.223,India
1927-06-01,29.232,0.201,India
1927-07-01,26.751,0.213,India
1927-08-01,26.021,0.272,India
1927-09-01,26.04,0.236,India
1927-10-01,24.349,0.124,India
1927-11-01,19.79,0.422,India
1927-12-01,17.651,0.247,India
1928-01-01,17.080000000000002,0.336,India
1928-02-01,19.567,0.292,India
1928-03-01,23.99,0.233,India
1928-04-01,27.495,0.178,India
1928-05-01,30.574,0.3,India
1928-06-01,28.795,0.231,India
1928-07-01,26.84,0.161,India
1928-08-01,26.582,0.311,India
1928-09-01,26.261,0.148,India
1928-10-01,24.568,0.221,India
1928-11-01,20.817,0.307,India
1928-12-01,17.099,0.468,India
1929-01-01,16.866,0.405,India
1929-02-01,18.597,0.243,India
1929-03-01,24.69,0.247,India
1929-04-01,27.63,0.212,India
1929-05-01,30.574,0.276,India
1929-06-01,28.918000000000003,0.125,India
1929-07-01,26.718000000000004,0.175,India
1929-08-01,25.954,0.269,India
1929-09-01,26.319000000000003,0.314,India
1929-10-01,23.971,0.236,India
1929-11-01,20.717,0.363,India
1929-12-01,16.703,0.346,India
1930-01-01,16.528000000000002,0.255,India
1930-02-01,18.831,0.208,India
1930-03-01,24.028,0.264,India
1930-04-01,27.002,0.304,India
1930-05-01,29.751,0.282,India
1930-06-01,28.955,0.159,India
1930-07-01,26.56600000000001,0.204,India
1930-08-01,26.156,0.102,India
1930-09-01,26.296,0.218,India
1930-10-01,24.567,0.238,India
1930-11-01,20.005,0.293,India
1930-12-01,17.359,0.3229999999999999,India
1931-01-01,17.86,0.357,India
1931-02-01,19.062,0.4270000000000001,India
1931-03-01,23.518,0.306,India
1931-04-01,28.563,0.268,India
1931-05-01,30.211,0.281,India
1931-06-01,30.172,0.143,India
1931-07-01,27.031,0.162,India
1931-08-01,26.678,0.229,India
1931-09-01,25.998,0.157,India
1931-10-01,24.123,0.168,India
1931-11-01,20.334,0.246,India
1931-12-01,17.442,0.24,India
1932-01-01,17.783,0.45,India
1932-02-01,18.585,0.337,India
1932-03-01,23.757,0.303,India
1932-04-01,27.389,0.268,India
1932-05-01,29.613000000000003,0.242,India
1932-06-01,29.777,0.225,India
1932-07-01,27.001,0.187,India
1932-08-01,26.243,0.177,India
1932-09-01,26.294,0.194,India
1932-10-01,24.669,0.142,India
1932-11-01,20.601,0.181,India
1932-12-01,17.230999999999998,0.259,India
1933-01-01,16.262,0.381,India
1933-02-01,19.784,0.27,India
1933-03-01,23.753,0.334,India
1933-04-01,26.46,0.217,India
1933-05-01,28.127,0.243,India
1933-06-01,28.36,0.19,India
1933-07-01,26.85100000000001,0.16,India
1933-08-01,25.823,0.112,India
1933-09-01,25.645,0.111,India
1933-10-01,23.937,0.086,India
1933-11-01,20.428,0.23,India
1933-12-01,17.294,0.357,India
1934-01-01,15.991,0.388,India
1934-02-01,19.725,0.35,India
1934-03-01,23.297,0.308,India
1934-04-01,27.732,0.247,India
1934-05-01,29.917,0.233,India
1934-06-01,28.853,0.181,India
1934-07-01,26.77,0.133,India
1934-08-01,26.026,0.183,India
1934-09-01,26.073,0.161,India
1934-10-01,23.767,0.198,India
1934-11-01,19.761,0.18,India
1934-12-01,17.297,0.239,India
1935-01-01,15.888000000000002,0.238,India
1935-02-01,19.379,0.306,India
1935-03-01,23.618,0.256,India
1935-04-01,25.859,0.203,India
1935-05-01,30.518,0.191,India
1935-06-01,29.711,0.205,India
1935-07-01,26.714,0.247,India
1935-08-01,25.858,0.12,India
1935-09-01,25.639,0.131,India
1935-10-01,24.042,0.12,India
1935-11-01,20.556,0.245,India
1935-12-01,17.36,0.321,India
1936-01-01,16.589000000000002,0.384,India
1936-02-01,19.189,0.223,India
1936-03-01,23.562,0.299,India
1936-04-01,27.229,0.154,India
1936-05-01,30.41,0.252,India
1936-06-01,27.68,0.247,India
1936-07-01,26.706000000000003,0.126,India
1936-08-01,26.211,0.206,India
1936-09-01,26.074,0.191,India
1936-10-01,24.151,0.116,India
1936-11-01,20.903,0.232,India
1936-12-01,17.314,0.286,India
1937-01-01,16.143,0.216,India
1937-02-01,19.608,0.191,India
1937-03-01,22.893,0.219,India
1937-04-01,26.327,0.253,India
1937-05-01,29.823,0.196,India
1937-06-01,29.554,0.113,India
1937-07-01,26.657,0.151,India
1937-08-01,26.477,0.223,India
1937-09-01,26.214,0.186,India
1937-10-01,23.794,0.212,India
1937-11-01,20.539,0.271,India
1937-12-01,16.465999999999998,0.3,India
1938-01-01,17.305,0.331,India
1938-02-01,18.346,0.272,India
1938-03-01,24.786,0.253,India
1938-04-01,28.108,0.308,India
1938-05-01,30.312,0.293,India
1938-06-01,27.459,0.231,India
1938-07-01,26.655,0.186,India
1938-08-01,26.361,0.139,India
1938-09-01,26.284,0.144,India
1938-10-01,24.36,0.238,India
1938-11-01,19.572,0.274,India
1938-12-01,17.155,0.27,India
1939-01-01,17.484,0.27,India
1939-02-01,19.606,0.3720000000000001,India
1939-03-01,22.512,0.166,India
1939-04-01,26.9,0.185,India
1939-05-01,30.429,0.166,India
1939-06-01,28.862,0.179,India
1939-07-01,26.785,0.15,India
1939-08-01,26.702,0.126,India
1939-09-01,26.148000000000003,0.134,India
1939-10-01,24.775,0.296,India
1939-11-01,20.425,0.12,India
1939-12-01,17.291,0.285,India
1940-01-01,16.722,0.144,India
1940-02-01,19.296,0.196,India
1940-03-01,22.363000000000003,0.156,India
1940-04-01,26.928,0.216,India
1940-05-01,30.061,0.235,India
1940-06-01,29.209,0.1639999999999999,India
1940-07-01,26.860000000000007,0.179,India
1940-08-01,26.046,0.161,India
1940-09-01,26.077,0.255,India
1940-10-01,24.615,0.224,India
1940-11-01,21.33,0.258,India
1940-12-01,17.32,0.303,India
1941-01-01,16.932000000000002,0.282,India
1941-02-01,19.978,0.123,India
1941-03-01,25.153,0.202,India
1941-04-01,28.997,0.184,India
1941-05-01,30.595,0.1689999999999999,India
1941-06-01,29.106,0.192,India
1941-07-01,27.493,0.322,India
1941-08-01,26.872,0.145,India
1941-09-01,26.452,0.27,India
1941-10-01,25.358,0.189,India
1941-11-01,20.846,0.205,India
1941-12-01,18.309,0.179,India
1942-01-01,16.664,0.273,India
1942-02-01,19.789,0.1369999999999999,India
1942-03-01,24.535,0.245,India
1942-04-01,28.23,0.183,India
1942-05-01,30.642,0.154,India
1942-06-01,30.039,0.139,India
1942-07-01,26.631,0.281,India
1942-08-01,25.974,0.168,India
1942-09-01,25.663,0.104,India
1942-10-01,24.346,0.186,India
1942-11-01,20.919,0.184,India
1942-12-01,17.094,0.205,India
1943-01-01,17.534000000000002,0.288,India
1943-02-01,18.873,0.183,India
1943-03-01,24.052,0.168,India
1943-04-01,26.655,0.189,India
1943-05-01,29.941,0.225,India
1943-06-01,28.726,0.242,India
1943-07-01,26.638,0.205,India
1943-08-01,25.807,0.174,India
1943-09-01,25.931,0.15,India
1943-10-01,24.076,0.204,India
1943-11-01,21.077,0.245,India
1943-12-01,17.552,0.259,India
1944-01-01,16.725,0.204,India
1944-02-01,18.788,0.178,India
1944-03-01,22.7,0.268,India
1944-04-01,26.484,0.155,India
1944-05-01,30.657,0.238,India
1944-06-01,29.248,0.174,India
1944-07-01,26.608,0.238,India
1944-08-01,26.276,0.293,India
1944-09-01,25.992,0.177,India
1944-10-01,23.954,0.205,India
1944-11-01,20.681,0.146,India
1944-12-01,18.062,0.274,India
1945-01-01,15.918,0.271,India
1945-02-01,18.778,0.203,India
1945-03-01,24.102,0.188,India
1945-04-01,26.543000000000003,0.272,India
1945-05-01,29.869,0.242,India
1945-06-01,29.652,0.244,India
1945-07-01,26.747,0.242,India
1945-08-01,26.475,0.142,India
1945-09-01,25.905,0.133,India
1945-10-01,23.807,0.196,India
1945-11-01,20.12,0.176,India
1945-12-01,16.143,0.237,India
1946-01-01,16.905,0.255,India
1946-02-01,20.413,0.209,India
1946-03-01,23.832,0.166,India
1946-04-01,27.86,0.17,India
1946-05-01,29.843000000000004,0.14,India
1946-06-01,28.625,0.228,India
1946-07-01,26.767000000000003,0.202,India
1946-08-01,26.177,0.184,India
1946-09-01,26.045,0.115,India
1946-10-01,24.643,0.141,India
1946-11-01,20.712,0.223,India
1946-12-01,17.791,0.188,India
1947-01-01,16.861,0.317,India
1947-02-01,19.518,0.248,India
1947-03-01,24.311,0.238,India
1947-04-01,28.103,0.15,India
1947-05-01,30.586,0.28,India
1947-06-01,30.128,0.156,India
1947-07-01,27.14,0.131,India
1947-08-01,26.673,0.176,India
1947-09-01,25.805,0.183,India
1947-10-01,23.524,0.114,India
1947-11-01,20.986,0.23,India
1947-12-01,17.719,0.134,India
1948-01-01,17.289,0.269,India
1948-02-01,19.3,0.206,India
1948-03-01,23.455,0.171,India
1948-04-01,28.277,0.147,India
1948-05-01,30.765,0.171,India
1948-06-01,29.748,0.1669999999999999,India
1948-07-01,26.999,0.203,India
1948-08-01,26.161,0.105,India
1948-09-01,25.975,0.183,India
1948-10-01,24.611,0.176,India
1948-11-01,20.874,0.243,India
1948-12-01,16.826,0.252,India
1949-01-01,17.703,0.291,India
1949-02-01,19.189,0.1639999999999999,India
1949-03-01,24.296,0.199,India
1949-04-01,27.935,0.238,India
1949-05-01,30.044,0.218,India
1949-06-01,28.988000000000003,0.257,India
1949-07-01,26.817,0.147,India
1949-08-01,26.383000000000006,0.24,India
1949-09-01,26.235,0.215,India
1949-10-01,24.559,0.276,India
1949-11-01,19.68,0.268,India
1949-12-01,16.738,0.242,India
1950-01-01,17.317999999999998,0.12,India
1950-02-01,18.305,0.148,India
1950-03-01,22.933000000000003,0.214,India
1950-04-01,27.13,0.246,India
1950-05-01,30.267,0.248,India
1950-06-01,29.23,0.165,India
1950-07-01,26.582,0.16,India
1950-08-01,26.19400000000001,0.233,India
1950-09-01,25.711,0.088,India
1950-10-01,23.842,0.155,India
1950-11-01,19.818,0.236,India
1950-12-01,16.582,0.174,India
1951-01-01,16.331,0.325,India
1951-02-01,19.315,0.214,India
1951-03-01,23.841,0.157,India
1951-04-01,26.345,0.205,India
1951-05-01,29.826,0.281,India
1951-06-01,29.103,0.385,India
1951-07-01,27.47,0.25,India
1951-08-01,26.548,0.098,India
1951-09-01,26.762,0.338,India
1951-10-01,26.00500000000001,0.189,India
1951-11-01,21.601,0.309,India
1951-12-01,17.500999999999998,0.142,India
1952-01-01,17.707,0.196,India
1952-02-01,20.749,0.099,India
1952-03-01,23.39,0.133,India
1952-04-01,28.295,0.207,India
1952-05-01,30.426,0.197,India
1952-06-01,29.302,0.136,India
1952-07-01,27.036,0.258,India
1952-08-01,26.085,0.153,India
1952-09-01,26.315,0.128,India
1952-10-01,24.624,0.102,India
1952-11-01,20.51,0.236,India
1952-12-01,17.947000000000006,0.255,India
1953-01-01,16.733,0.237,India
1953-02-01,20.812,0.133,India
1953-03-01,25.969,0.155,India
1953-04-01,28.049,0.216,India
1953-05-01,30.717,0.289,India
1953-06-01,29.89,0.275,India
1953-07-01,26.922,0.231,India
1953-08-01,26.251,0.202,India
1953-09-01,26.126,0.219,India
1953-10-01,24.296,0.244,India
1953-11-01,20.544,0.145,India
1953-12-01,18.43,0.204,India
1954-01-01,16.445,0.283,India
1954-02-01,20.633000000000003,0.197,India
1954-03-01,24.173,0.365,India
1954-04-01,28.436,0.097,India
1954-05-01,30.921,0.214,India
1954-06-01,29.378,0.236,India
1954-07-01,26.932,0.157,India
1954-08-01,26.603,0.211,India
1954-09-01,25.871,0.299,India
1954-10-01,23.112,0.216,India
1954-11-01,20.084,0.201,India
1954-12-01,17.418,0.246,India
1955-01-01,17.075000000000006,0.275,India
1955-02-01,20.014,0.221,India
1955-03-01,25.048,0.153,India
1955-04-01,26.636,0.142,India
1955-05-01,29.526,0.274,India
1955-06-01,29.15,0.216,India
1955-07-01,26.999,0.254,India
1955-08-01,26.022,0.317,India
1955-09-01,26.008000000000003,0.226,India
1955-10-01,23.898000000000003,0.208,India
1955-11-01,19.913,0.343,India
1955-12-01,17.137,0.229,India
1956-01-01,17.035,0.2,India
1956-02-01,19.273,0.269,India
1956-03-01,24.437,0.233,India
1956-04-01,28.282,0.289,India
1956-05-01,30.411,0.283,India
1956-06-01,28.155,0.176,India
1956-07-01,25.997,0.152,India
1956-08-01,25.901,0.23,India
1956-09-01,26.001,0.278,India
1956-10-01,23.629,0.211,India
1956-11-01,20.167,0.361,India
1956-12-01,17.508000000000006,0.392,India
1957-01-01,17.035,0.339,India
1957-02-01,18.576,0.314,India
1957-03-01,22.721,0.289,India
1957-04-01,27.015,0.341,India
1957-05-01,29.611,0.184,India
1957-06-01,29.478,0.531,India
1957-07-01,27.105,0.374,India
1957-08-01,26.495,0.643,India
1957-09-01,26.213,0.434,India
1957-10-01,24.596,0.33,India
1957-11-01,21.349,0.252,India
1957-12-01,18.123,0.179,India
1958-01-01,18.31,0.241,India
1958-02-01,19.862,0.311,India
1958-03-01,24.626,0.198,India
1958-04-01,28.768,0.274,India
1958-05-01,30.492,0.366,India
1958-06-01,30.656,0.304,India
1958-07-01,27.074,0.361,India
1958-08-01,26.62,0.291,India
1958-09-01,26.056,0.201,India
1958-10-01,24.456,0.18,India
1958-11-01,21.192,0.258,India
1958-12-01,18.004,0.273,India
1959-01-01,17.450000000000006,0.332,India
1959-02-01,19.402,0.286,India
1959-03-01,24.544,0.338,India
1959-04-01,28.041,0.228,India
1959-05-01,30.207,0.193,India
1959-06-01,29.347,0.27,India
1959-07-01,26.647,0.33,India
1959-08-01,26.261000000000006,0.247,India
1959-09-01,26.001,0.333,India
1959-10-01,24.64,0.3229999999999999,India
1959-11-01,20.762,0.212,India
1959-12-01,17.900000000000006,0.212,India
1960-01-01,16.885,0.252,India
1960-02-01,20.962,0.42,India
1960-03-01,23.285,0.3,India
1960-04-01,27.488000000000003,0.189,India
1960-05-01,30.185,0.461,India
1960-06-01,29.581,0.347,India
1960-07-01,27.091,0.185,India
1960-08-01,26.53,0.179,India
1960-09-01,26.517,0.142,India
1960-10-01,24.382,0.129,India
1960-11-01,20.403,0.224,India
1960-12-01,18.137,0.254,India
1961-01-01,17.514000000000006,0.259,India
1961-02-01,18.335,0.19,India
1961-03-01,24.665,0.163,India
1961-04-01,27.743,0.238,India
1961-05-01,29.963,0.273,India
1961-06-01,28.716,0.402,India
1961-07-01,26.677,0.153,India
1961-08-01,26.462,0.1669999999999999,India
1961-09-01,25.882,0.144,India
1961-10-01,23.896,0.247,India
1961-11-01,19.907,0.207,India
1961-12-01,16.023,0.217,India
1962-01-01,15.838,0.206,India
1962-02-01,19.62,0.234,India
1962-03-01,23.545,0.21,India
1962-04-01,27.634,0.285,India
1962-05-01,29.728,0.145,India
1962-06-01,29.275,0.589,India
1962-07-01,27.299,0.325,India
1962-08-01,26.31600000000001,0.245,India
1962-09-01,25.816,0.264,India
1962-10-01,23.673,0.449,India
1962-11-01,20.493,0.249,India
1962-12-01,17.380000000000006,0.247,India
1963-01-01,16.554000000000002,0.25,India
1963-02-01,20.342,0.24,India
1963-03-01,23.609,0.346,India
1963-04-01,26.827,0.402,India
1963-05-01,29.309,0.422,India
1963-06-01,28.943,0.321,India
1963-07-01,27.324,0.343,India
1963-08-01,26.209,0.107,India
1963-09-01,26.146,0.281,India
1963-10-01,24.631,0.16,India
1963-11-01,21.437,0.254,India
1963-12-01,17.817999999999998,0.161,India
1964-01-01,16.468,0.266,India
1964-02-01,19.665,0.281,India
1964-03-01,25.022,0.127,India
1964-04-01,28.314,0.208,India
1964-05-01,29.573,0.301,India
1964-06-01,29.097,0.429,India
1964-07-01,26.491,0.27,India
1964-08-01,26.171,0.283,India
1964-09-01,25.911,0.196,India
1964-10-01,24.587,0.389,India
1964-11-01,20.232,0.211,India
1964-12-01,17.315,0.201,India
1965-01-01,17.907,0.154,India
1965-02-01,19.505,0.305,India
1965-03-01,23.14,0.429,India
1965-04-01,26.503,0.176,India
1965-05-01,29.366,0.488,India
1965-06-01,29.666,0.6759999999999999,India
1965-07-01,26.834,0.27,India
1965-08-01,26.313,0.144,India
1965-09-01,26.041,0.131,India
1965-10-01,24.829,0.253,India
1965-11-01,21.368,0.225,India
1965-12-01,17.619,0.257,India
1966-01-01,17.543000000000006,0.259,India
1966-02-01,21.076,0.212,India
1966-03-01,24.008000000000003,0.332,India
1966-04-01,27.748,0.127,India
1966-05-01,30.114,0.341,India
1966-06-01,29.15,0.227,India
1966-07-01,27.668000000000006,0.238,India
1966-08-01,26.49,0.264,India
1966-09-01,26.096,0.378,India
1966-10-01,24.621,0.242,India
1966-11-01,21.457,0.247,India
1966-12-01,17.292,0.272,India
1967-01-01,16.668000000000006,0.211,India
1967-02-01,20.594,0.281,India
1967-03-01,22.982,0.296,India
1967-04-01,26.908,0.1689999999999999,India
1967-05-01,29.777,0.407,India
1967-06-01,29.481,0.419,India
1967-07-01,26.967,0.387,India
1967-08-01,26.023000000000003,0.333,India
1967-09-01,25.871,0.282,India
1967-10-01,23.98,0.126,India
1967-11-01,20.492,0.158,India
1967-12-01,18.16200000000001,0.156,India
1968-01-01,16.340999999999998,0.188,India
1968-02-01,18.659,0.225,India
1968-03-01,23.477,0.317,India
1968-04-01,26.827,0.238,India
1968-05-01,29.368,0.234,India
1968-06-01,29.21,0.313,India
1968-07-01,26.948,0.215,India
1968-08-01,26.311,0.272,India
1968-09-01,26.786,0.198,India
1968-10-01,23.995,0.285,India
1968-11-01,20.794,0.201,India
1968-12-01,17.660999999999998,0.389,India
1969-01-01,17.129,0.286,India
1969-02-01,20.236,0.247,India
1969-03-01,25.479,0.208,India
1969-04-01,28.122,0.366,India
1969-05-01,29.537,0.31,India
1969-06-01,29.708,0.43,India
1969-07-01,27.086,0.266,India
1969-08-01,26.273000000000003,0.312,India
1969-09-01,25.968000000000004,0.193,India
1969-10-01,24.706,0.211,India
1969-11-01,21.852,0.18,India
1969-12-01,17.918,0.239,India
1970-01-01,17.400000000000002,0.218,India
1970-02-01,19.679,0.276,India
1970-03-01,23.807,0.293,India
1970-04-01,28.212,0.208,India
1970-05-01,30.42,0.235,India
1970-06-01,28.263,0.229,India
1970-07-01,27.102,0.19,India
1970-08-01,26.246,0.219,India
1970-09-01,25.975,0.205,India
1970-10-01,24.582,0.302,India
1970-11-01,20.204,0.232,India
1970-12-01,16.999000000000002,0.228,India
1971-01-01,16.778000000000002,0.252,India
1971-02-01,19.526,0.261,India
1971-03-01,23.577,0.176,India
1971-04-01,27.642,0.233,India
1971-05-01,28.794,0.255,India
1971-06-01,27.651,0.238,India
1971-07-01,26.391,0.182,India
1971-08-01,25.901,0.188,India
1971-09-01,26.05,0.179,India
1971-10-01,24.049,0.333,India
1971-11-01,20.125,0.174,India
1971-12-01,17.124000000000002,0.122,India
1972-01-01,17.132,0.381,India
1972-02-01,18.156,0.237,India
1972-03-01,24.385,0.325,India
1972-04-01,27.132,0.262,India
1972-05-01,30.29,0.242,India
1972-06-01,30.242,0.3670000000000001,India
1972-07-01,27.55,0.26,India
1972-08-01,26.532,0.285,India
1972-09-01,26.145,0.182,India
1972-10-01,24.411,0.325,India
1972-11-01,20.974,0.229,India
1972-12-01,18.317,0.226,India
1973-01-01,17.62,0.262,India
1973-02-01,20.866,0.18,India
1973-03-01,24.178,0.309,India
1973-04-01,29.166,0.178,India
1973-05-01,30.69,0.424,India
1973-06-01,29.277,0.177,India
1973-07-01,26.986,0.3,India
1973-08-01,26.093000000000004,0.226,India
1973-09-01,26.002,0.134,India
1973-10-01,24.209,0.25,India
1973-11-01,20.516,0.18,India
1973-12-01,17.035999999999998,0.129,India
1974-01-01,16.738,0.179,India
1974-02-01,19.245,0.207,India
1974-03-01,24.923,0.201,India
1974-04-01,28.495,0.134,India
1974-05-01,29.697,0.241,India
1974-06-01,29.101,0.211,India
1974-07-01,26.961,0.131,India
1974-08-01,26.479000000000006,0.271,India
1974-09-01,26.544,0.151,India
1974-10-01,24.768,0.089,India
1974-11-01,20.471,0.313,India
1974-12-01,16.687,0.231,India
1975-01-01,16.257,0.216,India
1975-02-01,19.372,0.197,India
1975-03-01,23.703000000000003,0.138,India
1975-04-01,28.273000000000003,0.186,India
1975-05-01,30.431,0.233,India
1975-06-01,28.879,0.273,India
1975-07-01,26.416,0.326,India
1975-08-01,26.195,0.415,India
1975-09-01,25.576,0.324,India
1975-10-01,24.676,0.298,India
1975-11-01,19.646,0.151,India
1975-12-01,16.922,0.21,India
1976-01-01,16.913,0.165,India
1976-02-01,19.725,0.171,India
1976-03-01,24.028,0.127,India
1976-04-01,27.148000000000003,0.202,India
1976-05-01,29.785,0.391,India
1976-06-01,28.542,0.3,India
1976-07-01,26.897,0.295,India
1976-08-01,25.791,0.153,India
1976-09-01,25.841,0.306,India
1976-10-01,25.04,0.312,India
1976-11-01,22.473000000000003,0.192,India
1976-12-01,18.212,0.144,India
1977-01-01,17.035,0.156,India
1977-02-01,20.25,0.24,India
1977-03-01,25.44,0.219,India
1977-04-01,27.388,0.232,India
1977-05-01,28.856,0.232,India
1977-06-01,28.768,0.239,India
1977-07-01,26.619,0.209,India
1977-08-01,26.285,0.292,India
1977-09-01,25.927,0.15,India
1977-10-01,24.633000000000003,0.186,India
1977-11-01,22.308000000000003,0.067,India
1977-12-01,17.958000000000006,0.268,India
1978-01-01,16.64,0.232,India
1978-02-01,19.077,0.235,India
1978-03-01,22.812,0.198,India
1978-04-01,27.576,0.288,India
1978-05-01,30.939,0.249,India
1978-06-01,28.742,0.205,India
1978-07-01,26.344,0.291,India
1978-08-01,26.008000000000006,0.196,India
1978-09-01,25.846,0.163,India
1978-10-01,24.696,0.198,India
1978-11-01,21.694000000000003,0.219,India
1978-12-01,17.714000000000006,0.264,India
1979-01-01,17.828,0.159,India
1979-02-01,19.082,0.227,India
1979-03-01,23.214,0.249,India
1979-04-01,28.217,0.254,India
1979-05-01,29.686,0.312,India
1979-06-01,30.009,0.136,India
1979-07-01,27.479000000000006,0.144,India
1979-08-01,26.629,0.212,India
1979-09-01,26.475,0.146,India
1979-10-01,25.165,0.17,India
1979-11-01,22.516,0.198,India
1979-12-01,18.343,0.172,India
1980-01-01,17.593,0.143,India
1980-02-01,20.495,0.191,India
1980-03-01,24.071,0.124,India
1980-04-01,28.968000000000004,0.244,India
1980-05-01,31.054,0.293,India
1980-06-01,28.638,0.286,India
1980-07-01,26.887,0.291,India
1980-08-01,26.356,0.21,India
1980-09-01,26.529,0.163,India
1980-10-01,25.015,0.156,India
1980-11-01,21.517,0.289,India
1980-12-01,17.994,0.192,India
1981-01-01,17.067,0.234,India
1981-02-01,20.37,0.217,India
1981-03-01,23.57,0.146,India
1981-04-01,27.894,0.301,India
1981-05-01,29.998,0.263,India
1981-06-01,29.792,0.321,India
1981-07-01,26.82,0.186,India
1981-08-01,26.405,0.203,India
1981-09-01,26.406,0.177,India
1981-10-01,24.626,0.22,India
1981-11-01,20.366,0.145,India
1981-12-01,17.427,0.208,India
1982-01-01,17.866,0.141,India
1982-02-01,19.358,0.14,India
1982-03-01,22.928,0.22,India
1982-04-01,27.155,0.183,India
1982-05-01,29.069000000000003,0.249,India
1982-06-01,29.306,0.276,India
1982-07-01,27.911,0.1689999999999999,India
1982-08-01,26.397,0.148,India
1982-09-01,26.444000000000003,0.178,India
1982-10-01,24.975,0.088,India
1982-11-01,21.074,0.255,India
1982-12-01,18.136000000000006,0.232,India
1983-01-01,16.758000000000006,0.089,India
1983-02-01,19.091,0.264,India
1983-03-01,23.603,0.107,India
1983-04-01,26.473000000000003,0.188,India
1983-05-01,29.619,0.194,India
1983-06-01,29.762,0.262,India
1983-07-01,27.492,0.07,India
1983-08-01,26.625,0.149,India
1983-09-01,26.238000000000003,0.172,India
1983-10-01,24.043000000000003,0.1669999999999999,India
1983-11-01,20.182,0.211,India
1983-12-01,17.37,0.263,India
1984-01-01,16.993000000000002,0.21,India
1984-02-01,18.677,0.084,India
1984-03-01,24.742,0.123,India
1984-04-01,28.079,0.165,India
1984-05-01,31.199,0.246,India
1984-06-01,29.026,0.212,India
1984-07-01,26.721,0.276,India
1984-08-01,26.187,0.257,India
1984-09-01,25.646,0.141,India
1984-10-01,24.396,0.197,India
1984-11-01,20.395,0.189,India
1984-12-01,18.16,0.171,India
1985-01-01,17.592000000000002,0.123,India
1985-02-01,19.996,0.162,India
1985-03-01,25.561,0.234,India
1985-04-01,28.279,0.276,India
1985-05-01,30.506,0.193,India
1985-06-01,29.167,0.347,India
1985-07-01,26.684,0.179,India
1985-08-01,26.381,0.213,India
1985-09-01,26.354,0.251,India
1985-10-01,23.814,0.179,India
1985-11-01,20.913,0.172,India
1985-12-01,18.589,0.243,India
1986-01-01,17.185000000000002,0.303,India
1986-02-01,19.553,0.222,India
1986-03-01,24.088,0.262,India
1986-04-01,27.84,0.221,India
1986-05-01,29.572,0.171,India
1986-06-01,29.323,0.165,India
1986-07-01,26.94400000000001,0.194,India
1986-08-01,26.365,0.3229999999999999,India
1986-09-01,26.606,0.199,India
1986-10-01,24.651,0.154,India
1986-11-01,21.683000000000003,0.212,India
1986-12-01,17.724,0.219,India
1987-01-01,17.611,0.269,India
1987-02-01,20.292,0.182,India
1987-03-01,24.256,0.168,India
1987-04-01,28.111,0.229,India
1987-05-01,29.22,0.246,India
1987-06-01,30.216,0.215,India
1987-07-01,28.174,0.194,India
1987-08-01,27.42,0.182,India
1987-09-01,27.327,0.17,India
1987-10-01,25.159,0.174,India
1987-11-01,21.655,0.155,India
1987-12-01,18.028,0.22,India
1988-01-01,18.235,0.134,India
1988-02-01,20.945,0.16,India
1988-03-01,24.296,0.149,India
1988-04-01,28.377,0.17,India
1988-05-01,31.21,0.222,India
1988-06-01,29.462,0.244,India
1988-07-01,26.92,0.14,India
1988-08-01,26.585,0.148,India
1988-09-01,26.809,0.159,India
1988-10-01,24.609,0.195,India
1988-11-01,20.973000000000003,0.128,India
1988-12-01,18.312,0.155,India
1989-01-01,16.735,0.195,India
1989-02-01,19.495,0.208,India
1989-03-01,23.577,0.306,India
1989-04-01,27.495,0.298,India
1989-05-01,30.493,0.129,India
1989-06-01,28.56,0.188,India
1989-07-01,27.036,0.128,India
1989-08-01,26.333,0.314,India
1989-09-01,26.362,0.25,India
1989-10-01,24.874,0.242,India
1989-11-01,21.406,0.178,India
1989-12-01,17.582,0.183,India
1990-01-01,18.557,0.278,India
1990-02-01,20.005,0.19,India
1990-03-01,22.989,0.301,India
1990-04-01,27.58,0.201,India
1990-05-01,29.199,0.283,India
1990-06-01,28.837,0.202,India
1990-07-01,26.53,0.224,India
1990-08-01,26.508000000000006,0.234,India
1990-09-01,26.164,0.161,India
1990-10-01,24.00500000000001,0.288,India
1990-11-01,21.602,0.34,India
1990-12-01,18.16200000000001,0.134,India
1991-01-01,16.987000000000002,0.142,India
1991-02-01,20.454,0.132,India
1991-03-01,24.437,0.187,India
1991-04-01,27.351,0.092,India
1991-05-01,30.459,0.209,India
1991-06-01,29.034,0.201,India
1991-07-01,27.572000000000006,0.274,India
1991-08-01,26.290000000000006,0.228,India
1991-09-01,26.508000000000003,0.187,India
1991-10-01,24.381,0.192,India
1991-11-01,20.628,0.187,India
1991-12-01,17.64,0.198,India
1992-01-01,17.102,0.202,India
1992-02-01,18.975,0.27,India
1992-03-01,24.228,0.223,India
1992-04-01,27.746,0.218,India
1992-05-01,29.694000000000003,0.145,India
1992-06-01,29.914,0.283,India
1992-07-01,27.43,0.178,India
1992-08-01,26.256,0.124,India
1992-09-01,26.041,0.221,India
1992-10-01,24.423,0.131,India
1992-11-01,21.091,0.226,India
1992-12-01,17.775000000000006,0.3720000000000001,India
1993-01-01,17.480999999999998,0.214,India
1993-02-01,20.357,0.211,India
1993-03-01,23.076,0.24,India
1993-04-01,27.607,0.177,India
1993-05-01,30.554,0.38,India
1993-06-01,29.499,0.155,India
1993-07-01,27.289,0.275,India
1993-08-01,26.911,0.122,India
1993-09-01,26.0,0.153,India
1993-10-01,24.869,0.157,India
1993-11-01,21.416,0.226,India
1993-12-01,17.845000000000006,0.273,India
1994-01-01,18.15,0.284,India
1994-02-01,19.451,0.268,India
1994-03-01,25.081,0.192,India
1994-04-01,27.096,0.249,India
1994-05-01,30.833,0.149,India
1994-06-01,29.13,0.212,India
1994-07-01,26.56600000000001,0.295,India
1994-08-01,26.25,0.227,India
1994-09-01,26.066,0.282,India
1994-10-01,24.338,0.163,India
1994-11-01,21.033,0.279,India
1994-12-01,17.563000000000002,0.183,India
1995-01-01,16.241,0.182,India
1995-02-01,19.761,0.286,India
1995-03-01,23.476,0.179,India
1995-04-01,27.539,0.206,India
1995-05-01,30.265,0.166,India
1995-06-01,30.65,0.185,India
1995-07-01,27.307,0.162,India
1995-08-01,26.712,0.189,India
1995-09-01,26.558000000000003,0.17,India
1995-10-01,25.071,0.1639999999999999,India
1995-11-01,21.247,0.215,India
1995-12-01,18.33,0.159,India
1996-01-01,17.819000000000006,0.238,India
1996-02-01,20.237,0.166,India
1996-03-01,25.032,0.149,India
1996-04-01,27.803,0.152,India
1996-05-01,30.506,0.133,India
1996-06-01,29.185,0.186,India
1996-07-01,27.31,0.178,India
1996-08-01,26.11,0.206,India
1996-09-01,26.435,0.142,India
1996-10-01,24.263,0.211,India
1996-11-01,21.013,0.246,India
1996-12-01,17.53,0.214,India
1997-01-01,16.666,0.173,India
1997-02-01,19.247,0.159,India
1997-03-01,24.18,0.358,India
1997-04-01,26.243,0.248,India
1997-05-01,29.47,0.185,India
1997-06-01,29.067,0.174,India
1997-07-01,27.504,0.221,India
1997-08-01,26.696,0.258,India
1997-09-01,26.428,0.226,India
1997-10-01,23.828000000000003,0.23,India
1997-11-01,21.638,0.165,India
1997-12-01,17.601000000000006,0.28,India
1998-01-01,17.511000000000006,0.245,India
1998-02-01,20.157,0.14,India
1998-03-01,23.313,0.197,India
1998-04-01,28.3,0.21,India
1998-05-01,31.176,0.174,India
1998-06-01,30.215,0.179,India
1998-07-01,27.538,0.067,India
1998-08-01,27.17,0.127,India
1998-09-01,26.66,0.156,India
1998-10-01,25.228,0.11,India
1998-11-01,21.843000000000004,0.1689999999999999,India
1998-12-01,17.954,0.202,India
1999-01-01,16.96,0.158,India
1999-02-01,21.05,0.197,India
1999-03-01,25.097,0.126,India
1999-04-01,29.196,0.19,India
1999-05-01,29.934,0.111,India
1999-06-01,28.786,0.165,India
1999-07-01,27.293000000000006,0.172,India
1999-08-01,26.603,0.138,India
1999-09-01,26.463,0.159,India
1999-10-01,24.802,0.23,India
1999-11-01,21.71,0.202,India
1999-12-01,18.024,0.205,India
2000-01-01,17.84,0.21,India
2000-02-01,19.071,0.159,India
2000-03-01,23.674,0.183,India
2000-04-01,28.868,0.19,India
2000-05-01,30.089,0.166,India
2000-06-01,28.511,0.206,India
2000-07-01,26.98,0.26,India
2000-08-01,26.821,0.306,India
2000-09-01,26.505,0.134,India
2000-10-01,25.583,0.222,India
2000-11-01,21.986,0.157,India
2000-12-01,18.048,0.21,India
2001-01-01,17.295,0.247,India
2001-02-01,20.757,0.279,India
2001-03-01,24.401,0.188,India
2001-04-01,27.661,0.108,India
2001-05-01,30.374,0.1669999999999999,India
2001-06-01,28.053,0.288,India
2001-07-01,26.891,0.171,India
2001-08-01,26.762,0.094,India
2001-09-01,27.119,0.241,India
2001-10-01,25.196,0.176,India
2001-11-01,22.027,0.227,India
2001-12-01,18.447000000000006,0.245,India
2002-01-01,17.419,0.222,India
2002-02-01,20.311,0.181,India
2002-03-01,24.871,0.216,India
2002-04-01,28.667,0.17,India
2002-05-01,30.9,0.1669999999999999,India
2002-06-01,29.433000000000003,0.175,India
2002-07-01,28.487,0.22,India
2002-08-01,26.62,0.116,India
2002-09-01,26.38,0.202,India
2002-10-01,25.321,0.229,India
2002-11-01,21.636,0.2,India
2002-12-01,18.911,0.227,India
2003-01-01,17.245,0.292,India
2003-02-01,20.643,0.1689999999999999,India
2003-03-01,24.162,0.233,India
2003-04-01,28.592,0.245,India
2003-05-01,30.614,0.222,India
2003-06-01,30.118,0.38,India
2003-07-01,27.186,0.334,India
2003-08-01,26.742,0.275,India
2003-09-01,26.248,0.281,India
2003-10-01,24.652,0.324,India
2003-11-01,21.573,0.165,India
2003-12-01,18.024,0.158,India
2004-01-01,17.223000000000006,0.198,India
2004-02-01,20.225,0.182,India
2004-03-01,26.019,0.224,India
2004-04-01,28.688,0.161,India
2004-05-01,30.045,0.187,India
2004-06-01,28.71,0.244,India
2004-07-01,27.47300000000001,0.162,India
2004-08-01,26.552,0.246,India
2004-09-01,26.79,0.173,India
2004-10-01,24.026,0.281,India
2004-11-01,21.411,0.189,India
2004-12-01,18.453,0.141,India
2005-01-01,17.450000000000006,0.146,India
2005-02-01,20.309,0.157,India
2005-03-01,24.805,0.202,India
2005-04-01,27.714,0.22,India
2005-05-01,30.042,0.242,India
2005-06-01,30.404,0.143,India
2005-07-01,27.013,0.201,India
2005-08-01,26.896,0.2,India
2005-09-01,26.497,0.112,India
2005-10-01,24.547,0.208,India
2005-11-01,20.759,0.201,India
2005-12-01,17.509,0.147,India
2006-01-01,17.759,0.259,India
2006-02-01,22.077,0.196,India
2006-03-01,23.93,0.262,India
2006-04-01,27.882,0.276,India
2006-05-01,30.238000000000003,0.257,India
2006-06-01,29.049,0.257,India
2006-07-01,27.344,0.208,India
2006-08-01,26.483,0.245,India
2006-09-01,26.588,0.118,India
2006-10-01,25.247,0.19,India
2006-11-01,21.739,0.198,India
2006-12-01,18.449,0.16,India
2007-01-01,17.785,0.152,India
2007-02-01,20.235,0.199,India
2007-03-01,24.074,0.121,India
2007-04-01,28.719,0.236,India
2007-05-01,30.524,0.163,India
2007-06-01,29.282,0.203,India
2007-07-01,27.362,0.181,India
2007-08-01,26.917,0.161,India
2007-09-01,26.498,0.263,India
2007-10-01,24.696,0.158,India
2007-11-01,21.55,0.14,India
2007-12-01,18.157,0.134,India
2008-01-01,17.248,0.138,India
2008-02-01,18.853,0.212,India
2008-03-01,24.873,0.103,India
2008-04-01,27.822,0.208,India
2008-05-01,30.079,0.103,India
2008-06-01,28.033,0.239,India
2008-07-01,27.152,0.163,India
2008-08-01,26.407,0.207,India
2008-09-01,26.382,0.191,India
2008-10-01,25.083,0.203,India
2008-11-01,21.696,0.233,India
2008-12-01,19.244,0.1369999999999999,India
2009-01-01,18.661,0.146,India
2009-02-01,21.516,0.142,India
2009-03-01,25.083,0.163,India
2009-04-01,28.665,0.236,India
2009-05-01,30.493,0.102,India
2009-06-01,30.409,0.131,India
2009-07-01,27.611,0.187,India
2009-08-01,27.379,0.154,India
2009-09-01,27.08,0.147,India
2009-10-01,24.775,0.199,India
2009-11-01,21.457,0.198,India
2009-12-01,18.631,0.175,India
2010-01-01,17.109,0.326,India
2010-02-01,20.764,0.221,India
2010-03-01,26.373,0.309,India
2010-04-01,29.814,0.174,India
2010-05-01,31.169,0.166,India
2010-06-01,29.908,0.142,India
2010-07-01,27.433000000000003,0.165,India
2010-08-01,26.892,0.229,India
2010-09-01,26.296,0.2,India
2010-10-01,25.193,0.208,India
2010-11-01,22.204,0.147,India
2010-12-01,17.455000000000002,0.195,India
2011-01-01,16.477999999999998,0.244,India
2011-02-01,20.07,0.122,India
2011-03-01,24.595,0.224,India
2011-04-01,27.273000000000003,0.205,India
2011-05-01,30.421,0.17,India
2011-06-01,28.871,0.32,India
2011-07-01,27.209,0.224,India
2011-08-01,26.533,0.173,India
2011-09-01,26.321,0.19,India
2011-10-01,25.061,0.2,India
2011-11-01,21.982,0.165,India
2011-12-01,18.173,0.3229999999999999,India
2012-01-01,16.778000000000002,0.267,India
2012-02-01,19.791,0.168,India
2012-03-01,24.354,0.216,India
2012-04-01,28.067,0.315,India
2012-05-01,30.805,0.221,India
2012-06-01,30.536,0.24,India
2012-07-01,27.699,0.227,India
2012-08-01,26.735,0.348,India
2012-09-01,26.551,0.302,India
2012-10-01,24.59,0.373,India
2012-11-01,21.162,0.306,India
2012-12-01,18.622,0.268,India
2013-01-01,17.16,0.279,India
2013-02-01,20.243,0.448,India
2013-03-01,24.575,0.379,India
2013-04-01,27.981,0.299,India
2013-05-01,31.014,0.205,India
2013-06-01,28.766,0.299,India
2013-07-01,27.012,0.197,India
2013-08-01,26.555,0.242,India
2013-09-01,,,India
